,Unnamed: 0,Music,Techno,Movies,History,Mathematics,Pets,Spiders,Loneliness,Parents' advice,Internet usage,Finances,Age,Siblings,Gender,Village - town
0,0,5.0,1.0,5.0,1.0,3.0,4.0,1.0,3.0,4.0,few hours a day,3.0,20.0,1.0,female,village
1,1,4.0,1.0,5.0,1.0,5.0,5.0,1.0,2.0,2.0,few hours a day,3.0,19.0,2.0,female,city
2,2,5.0,1.0,5.0,1.0,5.0,5.0,1.0,5.0,3.0,few hours a day,2.0,20.0,2.0,female,city
3,3,5.0,2.0,5.0,4.0,4.0,1.0,5.0,5.0,2.0,most of the day,2.0,22.0,1.0,female,city
4,4,5.0,2.0,5.0,3.0,2.0,1.0,1.0,3.0,3.0,few hours a day,4.0,20.0,1.0,female,village
5,5,5.0,1.0,5.0,5.0,2.0,2.0,1.0,2.0,3.0,few hours a day,2.0,20.0,1.0,male,city
6,6,5.0,5.0,4.0,3.0,1.0,5.0,1.0,3.0,4.0,less than an hour a day,4.0,20.0,1.0,female,village
7,7,5.0,3.0,5.0,5.0,1.0,5.0,1.0,2.0,3.0,few hours a day,3.0,19.0,1.0,male,city
8,8,5.0,1.0,5.0,3.0,1.0,1.0,5.0,4.0,4.0,few hours a day,2.0,18.0,1.0,female,city
9,9,5.0,1.0,5.0,3.0,3.0,2.0,3.0,2.0,3.0,few hours a day,4.0,19.0,3.0,female,city
10,10,5.0,4.0,5.0,3.0,2.0,5.0,2.0,2.0,4.0,less than an hour a day,2.0,19.0,2.0,female,city
11,11,5.0,1.0,5.0,2.0,1.0,1.0,5.0,4.0,4.0,few hours a day,2.0,17.0,1.0,female,city
12,12,5.0,1.0,5.0,4.0,1.0,2.0,1.0,5.0,4.0,few hours a day,4.0,24.0,10.0,female,city
13,13,5.0,1.0,5.0,2.0,1.0,5.0,3.0,2.0,3.0,few hours a day,3.0,19.0,1.0,female,city
14,14,5.0,1.0,4.0,2.0,1.0,5.0,2.0,2.0,4.0,most of the day,5.0,22.0,1.0,female,city
15,15,1.0,1.0,5.0,5.0,3.0,1.0,1.0,4.0,4.0,few hours a day,3.0,18.0,0.0,male,city
16,16,5.0,4.0,5.0,1.0,1.0,5.0,5.0,2.0,3.0,few hours a day,3.0,19.0,2.0,female,city
17,17,5.0,1.0,5.0,3.0,1.0,5.0,4.0,4.0,1.0,few hours a day,1.0,20.0,1.0,female,village
18,18,5.0,4.0,5.0,3.0,5.0,4.0,1.0,4.0,3.0,few hours a day,4.0,18.0,2.0,male,city
19,19,5.0,3.0,3.0,2.0,3.0,1.0,4.0,2.0,2.0,few hours a day,2.0,18.0,1.0,male,city
20,20,5.0,3.0,5.0,5.0,2.0,3.0,2.0,2.0,3.0,few hours a day,2.0,20.0,1.0,male,city
21,21,5.0,1.0,5.0,4.0,3.0,5.0,1.0,4.0,3.0,few hours a day,2.0,24.0,1.0,male,city
22,22,5.0,3.0,5.0,3.0,1.0,5.0,5.0,3.0,3.0,few hours a day,5.0,22.0,1.0,female,city
23,23,5.0,1.0,5.0,2.0,2.0,5.0,3.0,3.0,2.0,few hours a day,2.0,20.0,3.0,female,city
24,24,5.0,3.0,5.0,4.0,2.0,3.0,5.0,4.0,4.0,few hours a day,3.0,19.0,1.0,female,city
25,25,5.0,2.0,5.0,2.0,3.0,3.0,5.0,2.0,4.0,few hours a day,2.0,20.0,1.0,female,city
26,26,5.0,2.0,5.0,3.0,2.0,5.0,1.0,4.0,5.0,few hours a day,5.0,22.0,1.0,female,city
27,27,4.0,4.0,5.0,2.0,1.0,5.0,5.0,3.0,4.0,few hours a day,3.0,19.0,1.0,female,city
28,28,5.0,3.0,5.0,5.0,1.0,3.0,4.0,3.0,3.0,few hours a day,3.0,20.0,2.0,male,village
29,29,5.0,3.0,5.0,5.0,2.0,2.0,5.0,3.0,3.0,few hours a day,4.0,19.0,2.0,female,village
30,30,4.0,3.0,5.0,2.0,1.0,3.0,5.0,2.0,3.0,few hours a day,2.0,25.0,1.0,male,city
31,31,4.0,1.0,4.0,4.0,2.0,1.0,2.0,2.0,3.0,less than an hour a day,4.0,22.0,1.0,female,city
32,32,5.0,3.0,5.0,4.0,1.0,5.0,5.0,1.0,3.0,few hours a day,1.0,20.0,4.0,female,city
33,33,5.0,1.0,4.0,5.0,2.0,5.0,4.0,3.0,4.0,few hours a day,2.0,27.0,1.0,female,city
34,34,5.0,1.0,5.0,4.0,3.0,1.0,2.0,2.0,2.0,few hours a day,3.0,20.0,5.0,male,city
35,35,5.0,1.0,5.0,1.0,1.0,5.0,4.0,3.0,3.0,few hours a day,3.0,19.0,1.0,female,village
36,36,5.0,1.0,5.0,4.0,3.0,5.0,5.0,2.0,5.0,few hours a day,5.0,18.0,1.0,female,city
37,37,5.0,1.0,4.0,3.0,3.0,3.0,,3.0,3.0,few hours a day,3.0,21.0,1.0,male,city
38,38,5.0,4.0,5.0,3.0,3.0,5.0,5.0,4.0,4.0,few hours a day,5.0,23.0,1.0,female,village
39,39,5.0,2.0,4.0,4.0,1.0,5.0,5.0,4.0,3.0,few hours a day,3.0,21.0,1.0,female,city
40,40,4.0,3.0,5.0,2.0,2.0,2.0,5.0,3.0,1.0,few hours a day,3.0,26.0,1.0,female,city
41,41,5.0,5.0,3.0,5.0,5.0,3.0,1.0,1.0,3.0,few hours a day,3.0,20.0,3.0,male,city
42,42,5.0,3.0,5.0,2.0,5.0,5.0,5.0,3.0,2.0,few hours a day,5.0,19.0,0.0,female,city
43,43,5.0,3.0,5.0,2.0,1.0,5.0,5.0,3.0,3.0,most of the day,3.0,20.0,1.0,female,city
44,44,4.0,4.0,5.0,4.0,3.0,5.0,5.0,4.0,3.0,few hours a day,4.0,25.0,1.0,female,village
45,45,5.0,3.0,5.0,5.0,5.0,4.0,5.0,4.0,1.0,most of the day,4.0,27.0,1.0,male,
46,46,5.0,2.0,5.0,4.0,2.0,4.0,1.0,2.0,4.0,few hours a day,3.0,21.0,1.0,female,city
47,47,5.0,2.0,5.0,2.0,2.0,5.0,1.0,2.0,3.0,few hours a day,3.0,19.0,1.0,female,city
48,48,5.0,2.0,3.0,2.0,2.0,2.0,2.0,5.0,3.0,few hours a day,4.0,20.0,1.0,female,village
49,49,5.0,2.0,5.0,2.0,1.0,5.0,5.0,4.0,3.0,few hours a day,4.0,20.0,1.0,female,city
50,50,4.0,1.0,5.0,3.0,4.0,5.0,2.0,3.0,3.0,few hours a day,4.0,19.0,2.0,female,city
51,51,5.0,3.0,5.0,2.0,5.0,4.0,5.0,2.0,4.0,less than an hour a day,5.0,19.0,1.0,female,city
52,52,5.0,2.0,5.0,5.0,3.0,3.0,5.0,3.0,3.0,few hours a day,1.0,21.0,2.0,female,village
53,53,5.0,2.0,5.0,3.0,1.0,1.0,5.0,3.0,4.0,less than an hour a day,3.0,18.0,4.0,female,city
54,54,5.0,4.0,5.0,5.0,1.0,1.0,3.0,3.0,3.0,few hours a day,3.0,21.0,2.0,female,city
55,55,5.0,5.0,5.0,4.0,2.0,5.0,5.0,3.0,2.0,few hours a day,5.0,23.0,1.0,female,village
56,56,5.0,1.0,5.0,3.0,4.0,3.0,3.0,5.0,3.0,few hours a day,3.0,20.0,2.0,female,city
57,57,5.0,1.0,5.0,5.0,1.0,5.0,5.0,2.0,5.0,few hours a day,5.0,21.0,1.0,female,city
58,58,5.0,3.0,5.0,3.0,3.0,3.0,1.0,5.0,4.0,few hours a day,5.0,19.0,1.0,male,village
59,59,5.0,4.0,5.0,4.0,1.0,1.0,2.0,3.0,3.0,few hours a day,1.0,22.0,1.0,male,city
60,60,5.0,1.0,5.0,4.0,4.0,1.0,2.0,4.0,3.0,most of the day,5.0,23.0,1.0,male,city
61,61,5.0,4.0,5.0,3.0,3.0,5.0,3.0,4.0,4.0,few hours a day,2.0,23.0,1.0,male,city
62,62,5.0,5.0,5.0,5.0,4.0,1.0,5.0,1.0,4.0,few hours a day,3.0,23.0,2.0,male,city
63,63,5.0,5.0,5.0,4.0,,3.0,,2.0,3.0,few hours a day,3.0,22.0,2.0,male,city
64,64,5.0,2.0,5.0,1.0,1.0,5.0,5.0,1.0,4.0,most of the day,1.0,18.0,0.0,female,city
65,65,4.0,4.0,5.0,5.0,2.0,3.0,1.0,3.0,3.0,few hours a day,1.0,17.0,1.0,male,city
66,66,4.0,5.0,4.0,3.0,5.0,1.0,1.0,3.0,3.0,less than an hour a day,3.0,20.0,1.0,male,village
67,67,3.0,1.0,5.0,2.0,4.0,4.0,1.0,2.0,2.0,few hours a day,3.0,24.0,0.0,female,village
68,68,5.0,4.0,5.0,2.0,5.0,4.0,4.0,4.0,2.0,few hours a day,1.0,18.0,1.0,female,village
69,69,5.0,1.0,5.0,2.0,1.0,4.0,1.0,3.0,4.0,most of the day,1.0,20.0,3.0,female,city
70,70,5.0,3.0,5.0,2.0,1.0,2.0,4.0,3.0,5.0,few hours a day,3.0,17.0,1.0,male,city
71,71,4.0,3.0,4.0,5.0,2.0,5.0,3.0,3.0,3.0,few hours a day,4.0,20.0,1.0,male,city
72,72,5.0,1.0,5.0,3.0,1.0,2.0,5.0,5.0,3.0,few hours a day,3.0,28.0,1.0,female,city
73,73,5.0,3.0,5.0,4.0,1.0,5.0,3.0,3.0,4.0,few hours a day,3.0,21.0,1.0,male,city
74,74,5.0,2.0,5.0,4.0,1.0,3.0,3.0,3.0,4.0,few hours a day,5.0,22.0,1.0,male,city
75,75,5.0,1.0,4.0,5.0,2.0,4.0,1.0,2.0,3.0,few hours a day,3.0,20.0,1.0,male,village
76,76,4.0,1.0,4.0,2.0,1.0,3.0,1.0,2.0,4.0,few hours a day,2.0,18.0,1.0,male,city
77,77,5.0,5.0,5.0,4.0,1.0,1.0,5.0,1.0,4.0,few hours a day,1.0,21.0,1.0,female,city
78,78,4.0,4.0,5.0,2.0,3.0,3.0,3.0,2.0,4.0,few hours a day,4.0,24.0,1.0,female,village
79,79,5.0,4.0,5.0,4.0,2.0,5.0,5.0,3.0,4.0,few hours a day,4.0,21.0,2.0,female,city
80,80,5.0,3.0,5.0,5.0,1.0,5.0,3.0,3.0,3.0,few hours a day,3.0,19.0,1.0,female,city
81,81,5.0,3.0,5.0,3.0,1.0,2.0,1.0,3.0,3.0,few hours a day,3.0,22.0,1.0,male,city
82,82,5.0,1.0,5.0,4.0,1.0,5.0,3.0,5.0,3.0,few hours a day,3.0,18.0,1.0,female,city
83,83,5.0,5.0,5.0,,1.0,5.0,5.0,2.0,2.0,few hours a day,3.0,22.0,2.0,female,city
84,84,5.0,1.0,5.0,5.0,1.0,5.0,3.0,3.0,4.0,few hours a day,1.0,19.0,0.0,female,city
85,85,5.0,4.0,5.0,4.0,5.0,1.0,2.0,3.0,2.0,most of the day,2.0,22.0,2.0,male,city
86,86,4.0,3.0,5.0,5.0,4.0,2.0,2.0,4.0,4.0,few hours a day,2.0,24.0,3.0,male,city
87,87,5.0,2.0,5.0,5.0,,3.0,3.0,1.0,3.0,few hours a day,2.0,18.0,3.0,female,village
88,88,5.0,5.0,5.0,5.0,1.0,5.0,5.0,5.0,5.0,few hours a day,1.0,21.0,0.0,female,city
89,89,5.0,1.0,5.0,3.0,1.0,2.0,2.0,3.0,4.0,few hours a day,4.0,22.0,2.0,female,village
90,90,4.0,1.0,4.0,1.0,1.0,3.0,5.0,3.0,3.0,most of the day,1.0,19.0,3.0,female,village
91,91,5.0,1.0,5.0,1.0,1.0,1.0,5.0,2.0,4.0,few hours a day,5.0,18.0,4.0,female,village
92,92,5.0,1.0,5.0,4.0,3.0,3.0,1.0,4.0,4.0,few hours a day,4.0,19.0,0.0,female,city
93,93,5.0,1.0,4.0,2.0,4.0,3.0,2.0,3.0,2.0,few hours a day,4.0,24.0,2.0,male,village
94,94,5.0,4.0,5.0,3.0,1.0,3.0,2.0,2.0,1.0,most of the day,3.0,21.0,1.0,male,city
95,95,5.0,2.0,5.0,4.0,1.0,4.0,4.0,4.0,2.0,few hours a day,1.0,21.0,1.0,male,city
96,96,5.0,4.0,2.0,1.0,1.0,1.0,4.0,2.0,2.0,few hours a day,1.0,19.0,1.0,male,city
97,97,5.0,2.0,5.0,3.0,4.0,5.0,2.0,5.0,3.0,most of the day,2.0,19.0,1.0,male,village
98,98,3.0,3.0,3.0,1.0,1.0,1.0,5.0,5.0,1.0,few hours a day,3.0,22.0,1.0,male,village
99,99,5.0,1.0,3.0,3.0,5.0,4.0,5.0,3.0,4.0,less than an hour a day,4.0,18.0,1.0,female,city
100,100,5.0,2.0,5.0,3.0,2.0,2.0,4.0,3.0,4.0,few hours a day,4.0,21.0,1.0,female,city
101,101,5.0,1.0,4.0,5.0,1.0,3.0,5.0,3.0,3.0,few hours a day,2.0,18.0,1.0,male,village
102,102,5.0,1.0,5.0,5.0,4.0,1.0,1.0,3.0,3.0,few hours a day,3.0,20.0,0.0,female,city
103,103,5.0,4.0,5.0,5.0,2.0,1.0,4.0,2.0,5.0,few hours a day,4.0,22.0,0.0,male,city
104,104,4.0,3.0,4.0,5.0,2.0,2.0,1.0,1.0,4.0,few hours a day,2.0,21.0,1.0,male,village
105,105,5.0,1.0,4.0,4.0,1.0,4.0,1.0,2.0,3.0,few hours a day,4.0,24.0,1.0,male,village
106,106,5.0,3.0,5.0,4.0,3.0,1.0,2.0,4.0,3.0,few hours a day,4.0,19.0,1.0,male,city
107,107,5.0,1.0,3.0,1.0,1.0,4.0,1.0,1.0,5.0,less than an hour a day,1.0,18.0,1.0,female,city
108,108,4.0,2.0,5.0,1.0,3.0,3.0,5.0,5.0,2.0,few hours a day,1.0,17.0,1.0,female,city
109,109,5.0,1.0,5.0,3.0,2.0,1.0,1.0,4.0,3.0,few hours a day,4.0,18.0,0.0,male,city
110,110,5.0,4.0,4.0,3.0,2.0,3.0,4.0,3.0,3.0,few hours a day,4.0,21.0,1.0,male,city
111,111,5.0,4.0,4.0,3.0,1.0,1.0,5.0,5.0,3.0,most of the day,2.0,22.0,1.0,female,village
112,112,5.0,4.0,5.0,2.0,2.0,3.0,4.0,3.0,3.0,less than an hour a day,4.0,20.0,1.0,female,city
113,113,3.0,5.0,4.0,2.0,1.0,5.0,3.0,2.0,4.0,few hours a day,2.0,21.0,1.0,female,village
114,114,5.0,1.0,5.0,5.0,1.0,5.0,5.0,2.0,4.0,less than an hour a day,4.0,19.0,1.0,female,city
115,115,5.0,3.0,5.0,2.0,1.0,3.0,5.0,5.0,3.0,few hours a day,3.0,17.0,0.0,female,city
116,116,5.0,1.0,4.0,2.0,1.0,4.0,5.0,5.0,4.0,few hours a day,3.0,21.0,1.0,female,city
117,117,5.0,1.0,4.0,2.0,5.0,5.0,3.0,4.0,4.0,few hours a day,3.0,18.0,3.0,female,village
118,118,5.0,1.0,5.0,3.0,4.0,4.0,2.0,3.0,3.0,few hours a day,4.0,23.0,1.0,male,city
119,119,4.0,3.0,3.0,4.0,4.0,3.0,2.0,2.0,4.0,few hours a day,5.0,16.0,1.0,female,village
120,120,5.0,3.0,3.0,5.0,5.0,5.0,1.0,2.0,2.0,most of the day,4.0,23.0,0.0,male,city
121,121,4.0,3.0,4.0,1.0,4.0,3.0,1.0,2.0,2.0,few hours a day,2.0,21.0,2.0,male,city
122,122,5.0,1.0,4.0,5.0,1.0,4.0,2.0,2.0,3.0,few hours a day,4.0,23.0,0.0,female,city
123,123,5.0,1.0,3.0,2.0,1.0,4.0,1.0,3.0,3.0,few hours a day,4.0,20.0,0.0,female,village
124,124,4.0,1.0,4.0,4.0,1.0,4.0,1.0,2.0,3.0,few hours a day,3.0,20.0,4.0,male,city
125,125,5.0,2.0,5.0,4.0,2.0,5.0,4.0,3.0,4.0,few hours a day,3.0,20.0,1.0,female,city
126,126,3.0,1.0,3.0,5.0,2.0,1.0,1.0,4.0,3.0,few hours a day,4.0,20.0,2.0,female,village
127,127,4.0,3.0,5.0,4.0,3.0,2.0,2.0,3.0,2.0,most of the day,2.0,19.0,1.0,female,city
128,128,5.0,5.0,5.0,4.0,3.0,5.0,1.0,5.0,3.0,few hours a day,5.0,15.0,3.0,female,city
129,129,5.0,1.0,5.0,4.0,1.0,5.0,2.0,2.0,3.0,less than an hour a day,3.0,20.0,1.0,female,village
130,130,4.0,3.0,5.0,5.0,2.0,1.0,4.0,1.0,4.0,few hours a day,4.0,19.0,1.0,female,village
131,131,5.0,3.0,5.0,1.0,1.0,3.0,2.0,3.0,2.0,few hours a day,4.0,18.0,2.0,male,village
132,132,5.0,1.0,5.0,1.0,4.0,5.0,5.0,5.0,2.0,most of the day,5.0,15.0,1.0,female,village
133,133,5.0,1.0,5.0,4.0,1.0,4.0,4.0,2.0,4.0,less than an hour a day,2.0,20.0,2.0,female,city
134,134,5.0,4.0,5.0,3.0,1.0,4.0,5.0,5.0,1.0,few hours a day,1.0,16.0,1.0,female,village
135,135,5.0,1.0,4.0,5.0,3.0,5.0,5.0,3.0,3.0,few hours a day,4.0,18.0,1.0,male,village
136,136,5.0,1.0,5.0,4.0,2.0,3.0,5.0,4.0,4.0,few hours a day,3.0,21.0,1.0,male,village
137,137,5.0,2.0,2.0,4.0,3.0,1.0,3.0,5.0,5.0,few hours a day,4.0,,,,village
138,138,5.0,1.0,5.0,2.0,1.0,3.0,1.0,4.0,5.0,few hours a day,4.0,20.0,4.0,female,village
139,139,5.0,3.0,5.0,1.0,2.0,5.0,3.0,4.0,4.0,few hours a day,2.0,19.0,1.0,female,village
140,140,5.0,3.0,5.0,5.0,2.0,5.0,2.0,3.0,4.0,few hours a day,3.0,19.0,3.0,female,city
141,141,3.0,2.0,3.0,3.0,5.0,5.0,1.0,3.0,3.0,few hours a day,1.0,19.0,1.0,female,city
142,142,5.0,2.0,4.0,1.0,2.0,1.0,4.0,3.0,2.0,most of the day,2.0,,,male,city
143,143,5.0,3.0,,,1.0,5.0,5.0,3.0,3.0,most of the day,2.0,20.0,1.0,female,city
144,144,5.0,4.0,5.0,3.0,1.0,3.0,1.0,4.0,1.0,few hours a day,5.0,21.0,1.0,male,city
145,145,1.0,3.0,4.0,2.0,1.0,2.0,5.0,3.0,3.0,few hours a day,2.0,19.0,1.0,female,village
146,146,5.0,,5.0,5.0,1.0,4.0,1.0,3.0,2.0,few hours a day,5.0,21.0,1.0,male,city
147,147,5.0,1.0,5.0,4.0,5.0,3.0,2.0,4.0,4.0,most of the day,4.0,18.0,2.0,male,city
148,148,4.0,3.0,4.0,3.0,4.0,1.0,2.0,2.0,4.0,few hours a day,4.0,20.0,3.0,male,village
149,149,2.0,1.0,3.0,2.0,5.0,1.0,1.0,3.0,3.0,few hours a day,3.0,19.0,5.0,male,city
150,150,5.0,1.0,5.0,2.0,3.0,1.0,5.0,2.0,3.0,few hours a day,3.0,22.0,1.0,female,city
151,151,5.0,2.0,5.0,4.0,2.0,3.0,3.0,3.0,3.0,few hours a day,4.0,20.0,1.0,male,city
152,152,5.0,2.0,5.0,5.0,2.0,4.0,2.0,5.0,4.0,few hours a day,2.0,25.0,2.0,male,city
153,153,2.0,3.0,3.0,5.0,1.0,1.0,5.0,4.0,4.0,few hours a day,3.0,21.0,0.0,female,city
154,154,5.0,1.0,4.0,5.0,3.0,3.0,5.0,2.0,3.0,few hours a day,4.0,24.0,1.0,male,city
155,155,5.0,2.0,4.0,4.0,3.0,4.0,2.0,5.0,5.0,few hours a day,5.0,19.0,1.0,female,city
156,156,5.0,1.0,5.0,5.0,1.0,4.0,1.0,5.0,3.0,few hours a day,4.0,25.0,1.0,male,city
157,157,5.0,1.0,5.0,3.0,2.0,2.0,2.0,2.0,4.0,most of the day,4.0,26.0,2.0,male,village
158,158,5.0,5.0,5.0,1.0,3.0,5.0,5.0,5.0,3.0,few hours a day,2.0,15.0,2.0,female,village
159,159,5.0,3.0,5.0,4.0,3.0,5.0,2.0,2.0,3.0,few hours a day,3.0,20.0,1.0,male,city
160,160,5.0,3.0,5.0,4.0,5.0,1.0,1.0,3.0,2.0,few hours a day,3.0,19.0,1.0,male,city
161,161,5.0,3.0,5.0,2.0,1.0,5.0,4.0,5.0,3.0,few hours a day,3.0,20.0,2.0,female,city
162,162,4.0,1.0,4.0,5.0,1.0,2.0,2.0,3.0,2.0,few hours a day,4.0,21.0,0.0,male,city
163,163,5.0,5.0,4.0,5.0,1.0,1.0,4.0,4.0,4.0,most of the day,3.0,22.0,1.0,male,city
164,164,5.0,3.0,5.0,3.0,1.0,4.0,2.0,3.0,4.0,most of the day,2.0,20.0,1.0,male,village
165,165,5.0,2.0,5.0,3.0,2.0,2.0,4.0,1.0,5.0,few hours a day,3.0,20.0,1.0,female,city
166,166,5.0,1.0,4.0,2.0,2.0,1.0,4.0,3.0,4.0,few hours a day,5.0,21.0,1.0,female,city
167,167,3.0,3.0,3.0,3.0,1.0,4.0,4.0,4.0,2.0,few hours a day,4.0,21.0,1.0,male,village
168,168,5.0,1.0,5.0,3.0,1.0,1.0,1.0,5.0,3.0,most of the day,3.0,20.0,0.0,female,city
169,169,5.0,1.0,5.0,4.0,1.0,4.0,5.0,4.0,3.0,few hours a day,5.0,19.0,2.0,female,village
170,170,4.0,1.0,3.0,5.0,5.0,4.0,3.0,4.0,4.0,few hours a day,5.0,19.0,1.0,male,city
171,171,5.0,1.0,5.0,4.0,1.0,1.0,1.0,4.0,3.0,few hours a day,3.0,20.0,0.0,male,city
172,172,5.0,1.0,3.0,5.0,3.0,3.0,1.0,5.0,4.0,most of the day,4.0,22.0,1.0,male,village
173,173,5.0,5.0,5.0,3.0,4.0,5.0,2.0,4.0,4.0,most of the day,3.0,21.0,1.0,male,city
174,174,5.0,1.0,5.0,5.0,1.0,3.0,5.0,3.0,3.0,few hours a day,3.0,26.0,0.0,male,city
175,175,5.0,2.0,4.0,1.0,1.0,5.0,3.0,3.0,3.0,few hours a day,5.0,17.0,2.0,female,city
176,176,5.0,2.0,5.0,1.0,5.0,4.0,1.0,2.0,4.0,less than an hour a day,4.0,22.0,2.0,male,village
177,177,5.0,1.0,5.0,3.0,1.0,5.0,1.0,3.0,3.0,few hours a day,3.0,26.0,2.0,male,city
178,178,4.0,1.0,3.0,4.0,3.0,3.0,2.0,3.0,3.0,few hours a day,4.0,20.0,1.0,female,city
179,179,4.0,4.0,4.0,5.0,2.0,4.0,5.0,2.0,3.0,few hours a day,5.0,22.0,1.0,male,city
180,180,4.0,1.0,4.0,4.0,4.0,1.0,1.0,3.0,2.0,few hours a day,4.0,21.0,0.0,male,city
181,181,5.0,3.0,4.0,4.0,2.0,2.0,1.0,2.0,4.0,few hours a day,3.0,23.0,0.0,male,city
182,182,5.0,1.0,5.0,3.0,2.0,5.0,5.0,2.0,4.0,few hours a day,2.0,19.0,0.0,female,city
183,183,5.0,4.0,5.0,5.0,2.0,5.0,3.0,2.0,2.0,few hours a day,4.0,20.0,1.0,male,city
184,184,5.0,1.0,5.0,3.0,1.0,2.0,2.0,5.0,3.0,few hours a day,2.0,21.0,0.0,female,city
185,185,3.0,3.0,5.0,2.0,5.0,5.0,3.0,2.0,3.0,less than an hour a day,3.0,19.0,2.0,female,city
186,186,4.0,2.0,4.0,3.0,1.0,4.0,5.0,2.0,3.0,less than an hour a day,3.0,29.0,2.0,female,city
187,187,5.0,5.0,4.0,5.0,1.0,2.0,1.0,5.0,3.0,few hours a day,2.0,22.0,1.0,female,city
188,188,3.0,1.0,2.0,4.0,1.0,,2.0,2.0,4.0,less than an hour a day,5.0,19.0,2.0,female,village
189,189,5.0,1.0,5.0,4.0,3.0,1.0,3.0,4.0,3.0,few hours a day,4.0,17.0,1.0,female,city
190,190,4.0,2.0,4.0,3.0,5.0,2.0,5.0,4.0,4.0,few hours a day,4.0,16.0,1.0,female,city
191,191,5.0,1.0,4.0,3.0,1.0,2.0,1.0,2.0,5.0,less than an hour a day,1.0,29.0,2.0,female,village
192,192,5.0,4.0,5.0,3.0,1.0,5.0,5.0,5.0,3.0,few hours a day,5.0,18.0,2.0,female,city
193,193,5.0,1.0,5.0,3.0,1.0,5.0,1.0,3.0,3.0,few hours a day,3.0,26.0,2.0,male,city
194,194,5.0,1.0,5.0,2.0,1.0,1.0,3.0,3.0,4.0,few hours a day,3.0,19.0,1.0,male,city
195,195,5.0,1.0,4.0,3.0,1.0,1.0,5.0,3.0,3.0,few hours a day,2.0,19.0,1.0,male,city
196,196,5.0,3.0,5.0,4.0,1.0,1.0,4.0,2.0,3.0,few hours a day,4.0,20.0,0.0,female,city
197,197,5.0,1.0,5.0,2.0,1.0,4.0,4.0,3.0,4.0,few hours a day,3.0,22.0,0.0,female,city
198,198,5.0,2.0,3.0,4.0,1.0,4.0,5.0,1.0,2.0,few hours a day,1.0,20.0,1.0,male,village
199,199,5.0,4.0,4.0,2.0,1.0,3.0,2.0,3.0,2.0,less than an hour a day,1.0,21.0,1.0,male,village
200,200,4.0,2.0,5.0,3.0,1.0,5.0,1.0,5.0,2.0,most of the day,4.0,21.0,2.0,male,city
201,201,5.0,2.0,5.0,4.0,1.0,5.0,1.0,3.0,4.0,few hours a day,2.0,18.0,0.0,,village
202,202,5.0,4.0,5.0,2.0,1.0,4.0,4.0,3.0,2.0,few hours a day,3.0,15.0,0.0,male,city
203,203,5.0,3.0,5.0,2.0,3.0,3.0,2.0,3.0,3.0,few hours a day,3.0,19.0,1.0,female,city
204,204,5.0,1.0,5.0,1.0,4.0,3.0,4.0,3.0,3.0,few hours a day,3.0,24.0,1.0,female,city
205,205,5.0,1.0,5.0,5.0,1.0,2.0,1.0,3.0,4.0,few hours a day,5.0,19.0,1.0,female,city
206,206,5.0,1.0,5.0,5.0,4.0,3.0,3.0,3.0,2.0,few hours a day,4.0,25.0,3.0,male,village
207,207,5.0,1.0,5.0,5.0,1.0,5.0,5.0,4.0,4.0,few hours a day,4.0,20.0,1.0,female,city
208,208,5.0,1.0,3.0,3.0,1.0,5.0,5.0,3.0,3.0,less than an hour a day,1.0,19.0,2.0,female,village
209,209,5.0,2.0,5.0,4.0,4.0,3.0,5.0,4.0,2.0,few hours a day,5.0,21.0,1.0,male,village
210,210,5.0,5.0,5.0,5.0,4.0,5.0,5.0,3.0,5.0,few hours a day,3.0,23.0,2.0,male,village
211,211,5.0,4.0,5.0,1.0,1.0,4.0,5.0,3.0,4.0,few hours a day,2.0,21.0,1.0,female,village
212,212,5.0,2.0,5.0,5.0,5.0,1.0,4.0,2.0,3.0,most of the day,3.0,20.0,1.0,male,city
213,213,5.0,5.0,5.0,3.0,3.0,4.0,3.0,4.0,4.0,few hours a day,5.0,20.0,1.0,female,village
214,214,4.0,1.0,5.0,4.0,3.0,3.0,5.0,4.0,3.0,less than an hour a day,3.0,18.0,3.0,female,city
215,215,1.0,1.0,4.0,3.0,1.0,1.0,1.0,2.0,3.0,few hours a day,1.0,27.0,2.0,male,city
216,216,5.0,2.0,4.0,3.0,3.0,1.0,4.0,3.0,3.0,few hours a day,3.0,17.0,0.0,female,city
217,217,5.0,2.0,5.0,2.0,2.0,5.0,5.0,3.0,1.0,few hours a day,3.0,19.0,1.0,female,village
218,218,5.0,3.0,5.0,2.0,2.0,5.0,1.0,4.0,4.0,few hours a day,2.0,18.0,2.0,male,village
219,219,5.0,5.0,5.0,5.0,1.0,,1.0,2.0,5.0,less than an hour a day,,26.0,1.0,male,city
220,220,5.0,1.0,5.0,3.0,1.0,5.0,2.0,2.0,4.0,few hours a day,2.0,18.0,2.0,male,village
221,221,5.0,4.0,5.0,3.0,4.0,4.0,2.0,2.0,2.0,few hours a day,1.0,30.0,2.0,male,city
222,222,5.0,1.0,5.0,2.0,2.0,1.0,2.0,5.0,4.0,few hours a day,4.0,24.0,1.0,female,city
223,223,5.0,2.0,5.0,4.0,3.0,5.0,1.0,2.0,2.0,few hours a day,4.0,20.0,0.0,female,village
224,224,5.0,1.0,5.0,2.0,1.0,1.0,1.0,4.0,2.0,few hours a day,4.0,20.0,1.0,male,village
225,225,5.0,2.0,5.0,3.0,4.0,3.0,4.0,3.0,3.0,few hours a day,3.0,20.0,1.0,male,village
226,226,5.0,3.0,5.0,2.0,1.0,5.0,1.0,5.0,4.0,few hours a day,3.0,25.0,1.0,,village
227,227,5.0,1.0,5.0,5.0,3.0,3.0,1.0,1.0,2.0,few hours a day,2.0,19.0,3.0,female,village
228,228,4.0,2.0,5.0,3.0,3.0,5.0,1.0,3.0,4.0,few hours a day,5.0,20.0,2.0,female,village
229,229,4.0,3.0,3.0,2.0,4.0,1.0,1.0,2.0,4.0,few hours a day,1.0,21.0,5.0,male,village
230,230,5.0,2.0,4.0,4.0,3.0,4.0,5.0,2.0,4.0,few hours a day,3.0,19.0,1.0,female,village
231,231,5.0,1.0,5.0,2.0,2.0,5.0,1.0,3.0,4.0,few hours a day,5.0,19.0,0.0,female,village
232,232,5.0,3.0,5.0,1.0,4.0,1.0,2.0,5.0,3.0,few hours a day,4.0,19.0,2.0,female,village
233,233,4.0,4.0,5.0,1.0,1.0,5.0,4.0,2.0,3.0,few hours a day,4.0,18.0,1.0,female,city
234,234,4.0,1.0,3.0,1.0,5.0,5.0,4.0,4.0,4.0,few hours a day,5.0,18.0,1.0,female,village
235,235,5.0,1.0,5.0,5.0,1.0,3.0,2.0,3.0,3.0,few hours a day,3.0,16.0,0.0,female,city
236,236,1.0,1.0,5.0,5.0,3.0,5.0,1.0,2.0,4.0,less than an hour a day,3.0,19.0,0.0,female,city
237,237,5.0,3.0,4.0,2.0,4.0,5.0,5.0,2.0,2.0,few hours a day,3.0,18.0,3.0,female,city
238,238,5.0,1.0,5.0,2.0,2.0,3.0,4.0,2.0,2.0,few hours a day,1.0,19.0,2.0,female,city
239,239,5.0,2.0,5.0,4.0,1.0,4.0,5.0,2.0,3.0,less than an hour a day,3.0,21.0,1.0,female,city
240,240,3.0,2.0,3.0,3.0,2.0,3.0,3.0,3.0,2.0,few hours a day,2.0,21.0,1.0,male,city
241,241,5.0,1.0,5.0,3.0,4.0,5.0,5.0,2.0,5.0,few hours a day,5.0,18.0,1.0,female,city
242,242,3.0,1.0,5.0,3.0,1.0,2.0,,3.0,4.0,less than an hour a day,5.0,21.0,0.0,female,city
243,243,,1.0,5.0,4.0,4.0,1.0,1.0,5.0,4.0,few hours a day,5.0,17.0,0.0,female,city
244,244,5.0,2.0,5.0,1.0,1.0,5.0,5.0,2.0,3.0,most of the day,3.0,20.0,0.0,female,city
245,245,5.0,1.0,5.0,3.0,1.0,5.0,1.0,3.0,3.0,less than an hour a day,1.0,19.0,1.0,female,city
246,246,5.0,1.0,5.0,5.0,5.0,5.0,4.0,2.0,3.0,few hours a day,4.0,27.0,0.0,male,city
247,247,5.0,2.0,5.0,3.0,1.0,1.0,2.0,3.0,3.0,few hours a day,3.0,22.0,2.0,female,city
248,248,5.0,3.0,5.0,5.0,2.0,3.0,3.0,3.0,4.0,few hours a day,3.0,19.0,2.0,female,city
249,249,5.0,2.0,5.0,4.0,1.0,5.0,5.0,3.0,4.0,no time at all,3.0,19.0,3.0,female,village
250,250,5.0,2.0,5.0,1.0,1.0,1.0,1.0,3.0,4.0,few hours a day,4.0,20.0,0.0,female,city
251,251,5.0,5.0,5.0,2.0,1.0,5.0,1.0,2.0,3.0,few hours a day,3.0,19.0,2.0,female,village
252,252,5.0,2.0,5.0,3.0,1.0,5.0,4.0,5.0,3.0,few hours a day,5.0,20.0,0.0,female,village
253,253,5.0,1.0,3.0,1.0,1.0,1.0,3.0,4.0,2.0,few hours a day,3.0,17.0,2.0,female,city
254,254,5.0,3.0,5.0,2.0,2.0,5.0,5.0,5.0,3.0,few hours a day,3.0,23.0,2.0,female,village
255,255,5.0,1.0,5.0,2.0,2.0,3.0,3.0,3.0,4.0,few hours a day,5.0,20.0,2.0,female,city
256,256,5.0,1.0,3.0,3.0,1.0,1.0,5.0,1.0,3.0,few hours a day,1.0,20.0,1.0,female,city
257,257,5.0,5.0,5.0,4.0,5.0,1.0,2.0,2.0,3.0,few hours a day,4.0,19.0,2.0,male,city
258,258,5.0,1.0,5.0,2.0,4.0,2.0,1.0,2.0,2.0,most of the day,4.0,20.0,1.0,female,city
259,259,2.0,1.0,3.0,5.0,1.0,1.0,1.0,3.0,3.0,few hours a day,4.0,19.0,4.0,male,village
260,260,3.0,3.0,3.0,3.0,1.0,3.0,3.0,3.0,3.0,few hours a day,3.0,19.0,0.0,male,city
261,261,5.0,1.0,5.0,3.0,4.0,5.0,3.0,4.0,3.0,few hours a day,2.0,18.0,1.0,female,city
262,262,5.0,3.0,4.0,3.0,3.0,3.0,4.0,5.0,4.0,few hours a day,3.0,19.0,1.0,female,city
263,263,5.0,3.0,5.0,1.0,3.0,3.0,4.0,1.0,3.0,few hours a day,1.0,15.0,3.0,female,city
264,264,3.0,3.0,5.0,2.0,2.0,5.0,4.0,3.0,3.0,few hours a day,3.0,19.0,1.0,female,village
265,265,5.0,1.0,5.0,1.0,2.0,5.0,4.0,3.0,3.0,most of the day,5.0,15.0,1.0,female,city
266,266,5.0,1.0,5.0,3.0,4.0,4.0,3.0,4.0,4.0,few hours a day,2.0,19.0,1.0,female,city
267,267,5.0,2.0,4.0,4.0,3.0,5.0,1.0,1.0,2.0,few hours a day,3.0,21.0,2.0,female,city
268,268,5.0,1.0,4.0,1.0,5.0,5.0,5.0,2.0,3.0,few hours a day,4.0,19.0,2.0,female,city
269,269,5.0,2.0,5.0,3.0,2.0,3.0,2.0,3.0,2.0,few hours a day,4.0,17.0,1.0,female,village
270,270,5.0,2.0,5.0,3.0,1.0,5.0,5.0,3.0,3.0,few hours a day,2.0,23.0,1.0,female,city
271,271,5.0,1.0,5.0,4.0,2.0,5.0,2.0,2.0,3.0,less than an hour a day,4.0,24.0,0.0,male,village
272,272,5.0,1.0,5.0,3.0,3.0,5.0,2.0,3.0,3.0,less than an hour a day,4.0,19.0,1.0,female,city
273,273,5.0,4.0,5.0,3.0,2.0,1.0,4.0,3.0,4.0,few hours a day,3.0,19.0,2.0,female,city
274,274,5.0,2.0,4.0,5.0,1.0,4.0,4.0,2.0,2.0,few hours a day,4.0,22.0,0.0,female,city
275,275,5.0,4.0,5.0,5.0,2.0,2.0,4.0,4.0,2.0,few hours a day,2.0,20.0,1.0,female,city
276,276,5.0,1.0,5.0,4.0,3.0,1.0,3.0,4.0,3.0,few hours a day,1.0,21.0,2.0,female,village
277,277,5.0,2.0,5.0,5.0,2.0,1.0,5.0,4.0,3.0,few hours a day,4.0,19.0,0.0,male,city
278,278,5.0,3.0,5.0,4.0,3.0,5.0,1.0,3.0,4.0,few hours a day,3.0,19.0,2.0,male,village
279,279,5.0,2.0,4.0,3.0,1.0,5.0,2.0,4.0,3.0,few hours a day,3.0,20.0,1.0,female,city
280,280,5.0,5.0,4.0,3.0,1.0,4.0,5.0,5.0,3.0,few hours a day,3.0,18.0,1.0,female,city
281,281,5.0,3.0,4.0,2.0,1.0,5.0,2.0,4.0,3.0,few hours a day,2.0,19.0,1.0,male,city
282,282,5.0,1.0,3.0,1.0,1.0,5.0,5.0,3.0,3.0,less than an hour a day,4.0,20.0,2.0,female,city
283,283,5.0,3.0,5.0,2.0,5.0,1.0,1.0,1.0,3.0,few hours a day,3.0,22.0,1.0,male,city
284,284,1.0,1.0,5.0,2.0,4.0,4.0,3.0,1.0,3.0,most of the day,5.0,20.0,2.0,male,city
285,285,5.0,1.0,5.0,2.0,2.0,5.0,5.0,2.0,3.0,few hours a day,4.0,20.0,2.0,female,city
286,286,5.0,1.0,5.0,4.0,1.0,5.0,4.0,3.0,1.0,few hours a day,2.0,27.0,1.0,female,city
287,287,5.0,3.0,5.0,4.0,1.0,4.0,5.0,3.0,3.0,few hours a day,3.0,19.0,1.0,female,city
288,288,5.0,5.0,4.0,2.0,1.0,3.0,3.0,3.0,3.0,few hours a day,3.0,22.0,2.0,male,city
289,289,5.0,2.0,4.0,5.0,1.0,4.0,1.0,2.0,2.0,most of the day,1.0,19.0,0.0,male,city
290,290,4.0,1.0,5.0,4.0,1.0,2.0,1.0,4.0,4.0,few hours a day,1.0,20.0,1.0,female,city
291,291,4.0,2.0,4.0,4.0,2.0,3.0,2.0,2.0,3.0,few hours a day,3.0,20.0,1.0,male,village
292,292,5.0,2.0,5.0,3.0,1.0,5.0,4.0,3.0,4.0,few hours a day,4.0,21.0,1.0,female,city
293,293,5.0,1.0,5.0,4.0,5.0,5.0,2.0,4.0,1.0,few hours a day,3.0,16.0,1.0,female,village
294,294,5.0,1.0,3.0,5.0,1.0,5.0,5.0,4.0,2.0,less than an hour a day,3.0,19.0,1.0,female,city
295,295,5.0,1.0,5.0,3.0,1.0,5.0,3.0,2.0,4.0,few hours a day,3.0,18.0,1.0,female,village
296,296,5.0,5.0,5.0,4.0,4.0,4.0,1.0,1.0,3.0,few hours a day,1.0,23.0,1.0,male,city
297,297,5.0,4.0,5.0,1.0,3.0,3.0,1.0,4.0,3.0,few hours a day,2.0,19.0,0.0,male,village
298,298,5.0,2.0,5.0,3.0,1.0,5.0,3.0,3.0,3.0,less than an hour a day,4.0,19.0,0.0,female,city
299,299,5.0,1.0,5.0,3.0,1.0,4.0,5.0,2.0,4.0,few hours a day,3.0,22.0,1.0,female,city
300,300,5.0,1.0,3.0,3.0,3.0,2.0,1.0,2.0,3.0,most of the day,4.0,18.0,1.0,female,city
301,301,4.0,1.0,5.0,5.0,2.0,3.0,1.0,2.0,4.0,few hours a day,4.0,20.0,1.0,male,city
302,302,5.0,1.0,5.0,3.0,1.0,1.0,1.0,3.0,4.0,less than an hour a day,3.0,19.0,1.0,female,village
303,303,4.0,1.0,5.0,4.0,5.0,5.0,4.0,4.0,4.0,few hours a day,4.0,25.0,1.0,female,city
304,304,5.0,1.0,5.0,4.0,1.0,1.0,3.0,3.0,1.0,few hours a day,3.0,18.0,2.0,female,city
305,305,5.0,1.0,5.0,5.0,4.0,5.0,2.0,3.0,3.0,few hours a day,2.0,20.0,0.0,female,city
306,306,5.0,4.0,5.0,3.0,4.0,5.0,5.0,4.0,4.0,few hours a day,4.0,15.0,1.0,female,city
307,307,5.0,1.0,5.0,2.0,5.0,1.0,5.0,5.0,4.0,few hours a day,4.0,19.0,2.0,female,city
308,308,5.0,4.0,4.0,3.0,2.0,3.0,3.0,3.0,4.0,few hours a day,3.0,19.0,2.0,female,city
309,309,5.0,2.0,4.0,2.0,3.0,1.0,1.0,2.0,3.0,few hours a day,3.0,16.0,0.0,female,village
310,310,5.0,5.0,3.0,1.0,2.0,5.0,3.0,4.0,4.0,few hours a day,3.0,19.0,1.0,male,city
311,311,5.0,2.0,5.0,5.0,3.0,2.0,5.0,3.0,4.0,few hours a day,3.0,18.0,0.0,female,city
312,312,2.0,2.0,5.0,2.0,2.0,3.0,2.0,3.0,3.0,few hours a day,2.0,15.0,1.0,male,city
313,313,5.0,2.0,5.0,3.0,1.0,3.0,5.0,2.0,4.0,few hours a day,3.0,20.0,1.0,female,city
314,314,5.0,5.0,5.0,5.0,5.0,5.0,2.0,2.0,4.0,few hours a day,3.0,20.0,2.0,male,village
315,315,5.0,1.0,4.0,4.0,1.0,1.0,5.0,3.0,4.0,few hours a day,1.0,20.0,1.0,male,city
316,316,5.0,4.0,4.0,3.0,2.0,5.0,3.0,2.0,3.0,less than an hour a day,3.0,20.0,1.0,female,city
317,317,5.0,4.0,5.0,1.0,3.0,5.0,1.0,3.0,4.0,few hours a day,3.0,19.0,2.0,male,city
318,318,5.0,2.0,5.0,3.0,3.0,5.0,5.0,3.0,3.0,less than an hour a day,3.0,16.0,0.0,female,city
319,319,5.0,3.0,5.0,3.0,1.0,3.0,5.0,1.0,5.0,few hours a day,3.0,18.0,1.0,female,city
320,320,5.0,4.0,5.0,5.0,3.0,3.0,1.0,3.0,4.0,few hours a day,5.0,20.0,0.0,male,village
321,321,5.0,3.0,5.0,4.0,1.0,5.0,5.0,3.0,4.0,few hours a day,2.0,16.0,0.0,female,city
322,322,5.0,1.0,4.0,5.0,1.0,5.0,2.0,2.0,4.0,few hours a day,2.0,18.0,1.0,female,city
323,323,5.0,1.0,3.0,2.0,3.0,5.0,4.0,4.0,3.0,few hours a day,4.0,20.0,1.0,male,village
324,324,5.0,2.0,5.0,1.0,2.0,3.0,2.0,3.0,4.0,few hours a day,3.0,18.0,1.0,female,city
325,325,5.0,4.0,4.0,5.0,1.0,5.0,2.0,3.0,4.0,less than an hour a day,4.0,19.0,1.0,male,village
326,326,5.0,3.0,5.0,4.0,4.0,4.0,1.0,1.0,4.0,few hours a day,3.0,19.0,0.0,female,city
327,327,5.0,1.0,5.0,3.0,2.0,5.0,5.0,3.0,3.0,few hours a day,5.0,20.0,1.0,female,city
328,328,5.0,1.0,5.0,1.0,5.0,1.0,1.0,3.0,3.0,few hours a day,5.0,18.0,0.0,male,city
329,329,5.0,3.0,5.0,3.0,2.0,4.0,2.0,5.0,3.0,few hours a day,2.0,17.0,1.0,female,city
330,330,5.0,3.0,5.0,4.0,1.0,5.0,5.0,2.0,3.0,few hours a day,3.0,22.0,0.0,female,city
331,331,5.0,4.0,5.0,2.0,3.0,5.0,3.0,3.0,3.0,few hours a day,3.0,17.0,1.0,male,village
332,332,4.0,1.0,5.0,3.0,4.0,5.0,3.0,5.0,4.0,few hours a day,5.0,22.0,2.0,female,village
333,333,5.0,2.0,4.0,5.0,3.0,5.0,3.0,3.0,5.0,few hours a day,3.0,16.0,1.0,female,city
334,334,5.0,1.0,5.0,4.0,1.0,2.0,4.0,5.0,4.0,few hours a day,4.0,24.0,1.0,female,city
335,335,5.0,4.0,5.0,5.0,3.0,3.0,1.0,4.0,2.0,few hours a day,3.0,17.0,1.0,male,city
336,336,5.0,4.0,5.0,1.0,5.0,4.0,5.0,2.0,4.0,few hours a day,5.0,17.0,1.0,male,city
337,337,5.0,5.0,5.0,3.0,4.0,5.0,3.0,2.0,1.0,few hours a day,1.0,17.0,2.0,male,city
338,338,5.0,2.0,5.0,2.0,3.0,1.0,2.0,4.0,3.0,few hours a day,1.0,15.0,3.0,female,city
339,339,5.0,1.0,5.0,5.0,1.0,5.0,2.0,3.0,4.0,few hours a day,2.0,18.0,2.0,female,city
340,340,5.0,1.0,4.0,5.0,1.0,1.0,5.0,2.0,3.0,few hours a day,4.0,18.0,2.0,female,village
341,341,5.0,5.0,5.0,3.0,1.0,2.0,5.0,5.0,2.0,most of the day,1.0,16.0,1.0,male,village
342,342,5.0,3.0,3.0,2.0,4.0,5.0,5.0,2.0,4.0,most of the day,3.0,20.0,1.0,female,city
343,343,5.0,1.0,4.0,2.0,1.0,5.0,3.0,3.0,4.0,less than an hour a day,3.0,29.0,2.0,female,city
344,344,5.0,1.0,4.0,1.0,1.0,1.0,3.0,2.0,4.0,few hours a day,5.0,24.0,3.0,female,village
345,345,4.0,3.0,4.0,3.0,3.0,4.0,1.0,3.0,3.0,less than an hour a day,4.0,18.0,0.0,female,city
346,346,5.0,4.0,5.0,5.0,1.0,5.0,1.0,2.0,3.0,few hours a day,1.0,17.0,1.0,male,city
347,347,5.0,2.0,5.0,2.0,2.0,1.0,2.0,4.0,3.0,most of the day,1.0,18.0,1.0,male,city
348,348,5.0,2.0,5.0,3.0,3.0,4.0,5.0,3.0,3.0,few hours a day,2.0,16.0,1.0,male,city
349,349,5.0,4.0,5.0,3.0,2.0,5.0,5.0,2.0,4.0,few hours a day,3.0,17.0,2.0,female,city
350,350,2.0,2.0,5.0,2.0,2.0,3.0,1.0,2.0,3.0,most of the day,3.0,20.0,2.0,male,city
351,351,5.0,1.0,5.0,3.0,5.0,5.0,5.0,3.0,4.0,few hours a day,4.0,16.0,1.0,female,village
352,352,5.0,1.0,5.0,1.0,1.0,2.0,3.0,4.0,3.0,few hours a day,3.0,19.0,1.0,male,city
353,353,5.0,1.0,5.0,4.0,2.0,3.0,3.0,4.0,4.0,few hours a day,3.0,18.0,1.0,female,city
354,354,5.0,3.0,5.0,3.0,4.0,4.0,3.0,1.0,5.0,few hours a day,4.0,20.0,1.0,female,city
355,355,5.0,2.0,5.0,4.0,4.0,1.0,5.0,3.0,5.0,few hours a day,4.0,19.0,1.0,male,city
356,356,4.0,2.0,4.0,5.0,5.0,3.0,1.0,1.0,3.0,few hours a day,3.0,18.0,1.0,male,city
357,357,5.0,3.0,4.0,1.0,3.0,5.0,5.0,3.0,4.0,few hours a day,2.0,21.0,0.0,male,city
358,358,4.0,2.0,5.0,5.0,2.0,5.0,4.0,3.0,4.0,less than an hour a day,4.0,19.0,2.0,male,city
359,359,5.0,2.0,5.0,5.0,1.0,5.0,5.0,3.0,3.0,few hours a day,1.0,20.0,2.0,female,city
360,360,5.0,1.0,5.0,4.0,5.0,2.0,2.0,4.0,4.0,few hours a day,3.0,23.0,1.0,female,city
361,361,5.0,1.0,5.0,4.0,1.0,5.0,1.0,1.0,3.0,less than an hour a day,4.0,19.0,1.0,female,village
362,362,5.0,2.0,5.0,5.0,1.0,3.0,5.0,3.0,4.0,few hours a day,5.0,19.0,2.0,female,city
363,363,5.0,1.0,5.0,5.0,1.0,3.0,5.0,3.0,4.0,few hours a day,5.0,19.0,2.0,female,city
364,364,2.0,2.0,5.0,3.0,2.0,1.0,4.0,4.0,4.0,few hours a day,4.0,20.0,2.0,male,city
365,365,5.0,2.0,5.0,5.0,1.0,1.0,1.0,2.0,3.0,few hours a day,3.0,24.0,5.0,male,village
366,366,5.0,3.0,5.0,1.0,5.0,1.0,1.0,3.0,5.0,most of the day,4.0,19.0,1.0,male,city
367,367,5.0,3.0,5.0,5.0,1.0,3.0,1.0,3.0,4.0,few hours a day,5.0,20.0,2.0,male,village
368,368,5.0,,5.0,3.0,1.0,5.0,1.0,3.0,4.0,few hours a day,4.0,18.0,1.0,female,
369,369,5.0,5.0,4.0,4.0,4.0,5.0,2.0,2.0,3.0,less than an hour a day,4.0,17.0,1.0,male,village
370,370,5.0,1.0,5.0,4.0,2.0,5.0,5.0,2.0,3.0,few hours a day,3.0,19.0,2.0,female,village
371,371,5.0,2.0,5.0,2.0,5.0,3.0,2.0,1.0,3.0,few hours a day,3.0,19.0,4.0,female,village
372,372,4.0,4.0,4.0,3.0,1.0,1.0,1.0,2.0,2.0,most of the day,3.0,20.0,2.0,male,city
373,373,5.0,1.0,5.0,5.0,1.0,1.0,2.0,4.0,3.0,most of the day,4.0,20.0,0.0,male,city
374,374,5.0,3.0,5.0,2.0,1.0,5.0,5.0,4.0,4.0,few hours a day,1.0,21.0,1.0,female,city
375,375,5.0,,5.0,2.0,3.0,1.0,5.0,2.0,3.0,few hours a day,4.0,20.0,2.0,female,city
376,376,5.0,1.0,5.0,2.0,1.0,5.0,5.0,2.0,4.0,few hours a day,1.0,20.0,1.0,female,city
377,377,5.0,1.0,5.0,3.0,5.0,4.0,1.0,4.0,3.0,few hours a day,3.0,17.0,0.0,female,village
378,378,5.0,3.0,5.0,4.0,5.0,5.0,2.0,2.0,4.0,few hours a day,2.0,20.0,2.0,female,city
379,379,5.0,2.0,5.0,3.0,3.0,3.0,2.0,3.0,4.0,few hours a day,3.0,25.0,2.0,male,city
380,380,5.0,5.0,5.0,3.0,2.0,4.0,2.0,2.0,3.0,most of the day,4.0,20.0,1.0,female,city
381,381,5.0,1.0,5.0,5.0,2.0,5.0,2.0,1.0,3.0,few hours a day,2.0,21.0,1.0,female,city
382,382,5.0,4.0,5.0,4.0,1.0,5.0,5.0,2.0,4.0,few hours a day,2.0,21.0,0.0,female,village
383,383,5.0,2.0,5.0,1.0,5.0,1.0,2.0,2.0,3.0,most of the day,3.0,22.0,1.0,male,city
384,384,5.0,1.0,2.0,2.0,5.0,1.0,5.0,4.0,3.0,few hours a day,2.0,19.0,1.0,female,city
385,385,5.0,3.0,5.0,3.0,3.0,1.0,1.0,3.0,2.0,few hours a day,2.0,25.0,1.0,male,city
386,386,5.0,4.0,4.0,2.0,3.0,2.0,2.0,3.0,3.0,few hours a day,4.0,19.0,0.0,female,city
387,387,5.0,2.0,5.0,2.0,2.0,5.0,1.0,3.0,3.0,few hours a day,4.0,25.0,2.0,female,city
388,388,5.0,3.0,5.0,3.0,4.0,5.0,5.0,2.0,3.0,few hours a day,3.0,25.0,1.0,female,city
389,389,5.0,1.0,5.0,2.0,2.0,3.0,2.0,3.0,5.0,few hours a day,4.0,21.0,0.0,female,city
390,390,4.0,3.0,5.0,5.0,3.0,2.0,2.0,1.0,4.0,few hours a day,4.0,20.0,2.0,male,city
391,391,4.0,1.0,4.0,4.0,4.0,2.0,3.0,3.0,4.0,few hours a day,3.0,24.0,2.0,female,city
392,392,5.0,2.0,5.0,3.0,3.0,1.0,3.0,4.0,3.0,less than an hour a day,4.0,30.0,2.0,female,city
393,393,5.0,1.0,5.0,5.0,1.0,3.0,1.0,3.0,3.0,few hours a day,4.0,21.0,1.0,male,city
394,394,5.0,1.0,4.0,1.0,4.0,3.0,5.0,3.0,1.0,few hours a day,3.0,27.0,3.0,male,city
395,395,5.0,5.0,5.0,4.0,4.0,1.0,1.0,3.0,2.0,few hours a day,3.0,21.0,1.0,male,city
396,396,5.0,2.0,2.0,2.0,4.0,1.0,4.0,4.0,4.0,few hours a day,3.0,16.0,0.0,female,city
397,397,5.0,1.0,5.0,1.0,4.0,5.0,2.0,3.0,4.0,most of the day,3.0,21.0,1.0,female,village
398,398,5.0,5.0,5.0,3.0,4.0,1.0,3.0,2.0,5.0,few hours a day,3.0,20.0,1.0,female,village
399,399,5.0,1.0,5.0,5.0,4.0,5.0,1.0,1.0,2.0,less than an hour a day,3.0,22.0,1.0,female,city
400,400,5.0,4.0,5.0,5.0,5.0,1.0,2.0,2.0,3.0,most of the day,3.0,19.0,1.0,male,village
401,401,5.0,1.0,4.0,2.0,1.0,1.0,1.0,2.0,4.0,few hours a day,4.0,20.0,1.0,female,village
402,402,5.0,3.0,5.0,5.0,1.0,5.0,1.0,4.0,4.0,most of the day,3.0,25.0,1.0,male,city
403,403,2.0,1.0,4.0,2.0,2.0,4.0,1.0,4.0,3.0,less than an hour a day,2.0,23.0,2.0,male,village
404,404,5.0,5.0,5.0,2.0,2.0,5.0,2.0,4.0,3.0,few hours a day,5.0,20.0,2.0,female,village
405,405,4.0,2.0,4.0,5.0,2.0,3.0,3.0,3.0,4.0,few hours a day,3.0,20.0,1.0,female,city
406,406,5.0,4.0,5.0,1.0,1.0,1.0,1.0,1.0,3.0,less than an hour a day,4.0,21.0,1.0,female,village
407,407,5.0,2.0,5.0,4.0,2.0,5.0,4.0,2.0,3.0,less than an hour a day,3.0,19.0,1.0,female,city
408,408,5.0,1.0,4.0,3.0,1.0,1.0,3.0,2.0,4.0,few hours a day,2.0,21.0,1.0,female,city
409,409,5.0,4.0,5.0,1.0,3.0,3.0,5.0,5.0,2.0,few hours a day,3.0,16.0,0.0,female,city
410,410,5.0,1.0,5.0,3.0,4.0,5.0,1.0,2.0,3.0,few hours a day,3.0,20.0,1.0,male,village
411,411,5.0,2.0,5.0,5.0,1.0,3.0,5.0,2.0,4.0,few hours a day,2.0,18.0,0.0,female,city
412,412,5.0,5.0,2.0,4.0,1.0,5.0,1.0,5.0,3.0,less than an hour a day,3.0,21.0,1.0,female,city
413,413,5.0,3.0,5.0,4.0,3.0,4.0,3.0,3.0,3.0,few hours a day,3.0,21.0,2.0,male,village
414,414,5.0,2.0,5.0,4.0,3.0,3.0,4.0,1.0,3.0,few hours a day,3.0,18.0,2.0,male,city
415,415,5.0,3.0,5.0,1.0,1.0,1.0,5.0,5.0,3.0,few hours a day,1.0,19.0,1.0,female,village
416,416,4.0,4.0,,2.0,5.0,3.0,3.0,3.0,2.0,few hours a day,3.0,20.0,1.0,female,village
417,417,5.0,1.0,5.0,4.0,5.0,5.0,4.0,5.0,3.0,most of the day,2.0,18.0,1.0,male,village
418,418,5.0,1.0,5.0,1.0,1.0,5.0,5.0,2.0,3.0,less than an hour a day,3.0,18.0,1.0,female,village
419,419,5.0,3.0,3.0,3.0,1.0,2.0,1.0,2.0,3.0,less than an hour a day,3.0,23.0,0.0,female,village
420,420,5.0,1.0,5.0,5.0,1.0,2.0,3.0,2.0,4.0,few hours a day,3.0,20.0,1.0,female,village
421,421,5.0,2.0,5.0,5.0,4.0,5.0,2.0,3.0,3.0,few hours a day,5.0,18.0,1.0,female,village
422,422,5.0,5.0,5.0,4.0,1.0,5.0,5.0,3.0,4.0,few hours a day,4.0,28.0,1.0,female,city
423,423,5.0,2.0,4.0,2.0,1.0,5.0,2.0,2.0,3.0,few hours a day,5.0,24.0,1.0,female,village
424,424,5.0,5.0,5.0,3.0,1.0,5.0,5.0,3.0,3.0,few hours a day,2.0,19.0,2.0,female,city
425,425,5.0,2.0,5.0,3.0,1.0,5.0,5.0,5.0,4.0,less than an hour a day,4.0,21.0,3.0,female,village
426,426,5.0,1.0,4.0,1.0,1.0,1.0,5.0,1.0,2.0,less than an hour a day,3.0,22.0,1.0,female,city
427,427,5.0,2.0,5.0,3.0,1.0,1.0,5.0,3.0,2.0,few hours a day,1.0,19.0,1.0,male,city
428,428,5.0,3.0,5.0,2.0,2.0,5.0,4.0,4.0,4.0,few hours a day,4.0,18.0,2.0,female,city
429,429,5.0,1.0,5.0,2.0,1.0,4.0,2.0,3.0,3.0,most of the day,3.0,21.0,0.0,female,city
430,430,5.0,3.0,5.0,4.0,2.0,4.0,3.0,3.0,3.0,less than an hour a day,4.0,19.0,1.0,female,village
431,431,4.0,5.0,5.0,2.0,5.0,3.0,3.0,3.0,4.0,few hours a day,5.0,19.0,2.0,male,village
432,432,5.0,1.0,4.0,5.0,2.0,3.0,2.0,4.0,2.0,few hours a day,3.0,20.0,1.0,male,city
433,433,5.0,2.0,5.0,3.0,5.0,1.0,1.0,3.0,3.0,few hours a day,3.0,19.0,3.0,female,city
434,434,5.0,4.0,5.0,5.0,1.0,4.0,3.0,4.0,4.0,few hours a day,2.0,18.0,1.0,male,city
435,435,5.0,1.0,4.0,2.0,1.0,5.0,5.0,3.0,4.0,few hours a day,2.0,18.0,1.0,female,city
436,436,4.0,3.0,4.0,2.0,2.0,2.0,3.0,5.0,3.0,few hours a day,1.0,19.0,1.0,male,city
437,437,5.0,4.0,5.0,1.0,1.0,1.0,5.0,3.0,3.0,few hours a day,3.0,18.0,0.0,female,city
438,438,5.0,1.0,5.0,1.0,1.0,4.0,5.0,5.0,3.0,few hours a day,1.0,18.0,2.0,female,village
439,439,5.0,4.0,5.0,4.0,3.0,1.0,1.0,1.0,4.0,few hours a day,4.0,19.0,1.0,male,city
440,440,5.0,4.0,5.0,4.0,1.0,3.0,5.0,3.0,5.0,few hours a day,3.0,19.0,1.0,female,city
441,441,5.0,1.0,5.0,1.0,2.0,5.0,1.0,3.0,3.0,few hours a day,3.0,19.0,1.0,female,city
442,442,5.0,2.0,5.0,2.0,3.0,5.0,2.0,4.0,3.0,few hours a day,2.0,18.0,6.0,female,city
443,443,4.0,3.0,4.0,5.0,3.0,1.0,1.0,4.0,4.0,few hours a day,3.0,18.0,3.0,female,village
444,444,5.0,4.0,5.0,3.0,4.0,1.0,2.0,4.0,3.0,few hours a day,4.0,19.0,1.0,female,city
445,445,5.0,1.0,5.0,4.0,1.0,5.0,5.0,2.0,4.0,few hours a day,3.0,20.0,1.0,female,city
446,446,4.0,4.0,5.0,1.0,3.0,2.0,4.0,3.0,3.0,few hours a day,2.0,19.0,1.0,male,city
447,447,3.0,1.0,4.0,5.0,3.0,4.0,4.0,4.0,5.0,less than an hour a day,5.0,26.0,3.0,female,village
448,448,5.0,3.0,5.0,3.0,4.0,4.0,3.0,2.0,3.0,few hours a day,2.0,19.0,1.0,female,village
449,449,5.0,1.0,5.0,2.0,3.0,,4.0,3.0,3.0,few hours a day,5.0,19.0,1.0,female,village
450,450,5.0,1.0,5.0,3.0,2.0,5.0,1.0,3.0,3.0,few hours a day,1.0,22.0,1.0,male,village
451,451,5.0,3.0,4.0,3.0,2.0,3.0,2.0,1.0,4.0,less than an hour a day,4.0,20.0,1.0,male,village
452,452,5.0,3.0,5.0,1.0,3.0,5.0,5.0,1.0,4.0,less than an hour a day,3.0,28.0,2.0,female,city
453,453,5.0,1.0,5.0,2.0,2.0,3.0,4.0,3.0,3.0,few hours a day,5.0,19.0,1.0,female,village
454,454,4.0,1.0,5.0,3.0,3.0,5.0,5.0,2.0,4.0,few hours a day,4.0,21.0,0.0,female,city
455,455,5.0,4.0,5.0,1.0,2.0,3.0,4.0,4.0,5.0,less than an hour a day,3.0,19.0,1.0,female,village
456,456,5.0,1.0,5.0,5.0,5.0,5.0,1.0,1.0,5.0,few hours a day,5.0,22.0,2.0,male,city
457,457,5.0,4.0,5.0,3.0,5.0,2.0,2.0,3.0,3.0,few hours a day,5.0,19.0,2.0,male,city
458,458,5.0,5.0,1.0,5.0,1.0,1.0,1.0,1.0,5.0,few hours a day,3.0,18.0,1.0,female,village
459,459,4.0,3.0,5.0,2.0,1.0,2.0,2.0,3.0,4.0,less than an hour a day,4.0,19.0,0.0,female,city
460,460,5.0,1.0,5.0,4.0,1.0,5.0,1.0,2.0,3.0,few hours a day,1.0,22.0,2.0,male,city
461,461,5.0,2.0,4.0,3.0,3.0,3.0,1.0,3.0,3.0,few hours a day,3.0,29.0,3.0,male,village
462,462,4.0,3.0,4.0,3.0,3.0,2.0,3.0,4.0,4.0,few hours a day,4.0,,2.0,female,village
463,463,5.0,1.0,5.0,1.0,3.0,4.0,2.0,5.0,3.0,less than an hour a day,3.0,18.0,0.0,female,city
464,464,5.0,3.0,3.0,2.0,1.0,1.0,4.0,2.0,5.0,few hours a day,3.0,22.0,1.0,female,city
465,465,5.0,2.0,5.0,5.0,2.0,1.0,1.0,1.0,4.0,less than an hour a day,4.0,17.0,1.0,female,city
466,466,5.0,5.0,5.0,1.0,1.0,1.0,3.0,1.0,3.0,few hours a day,1.0,19.0,0.0,male,city
467,467,4.0,2.0,5.0,1.0,3.0,1.0,5.0,2.0,4.0,few hours a day,4.0,20.0,1.0,female,village
468,468,5.0,2.0,3.0,3.0,4.0,4.0,2.0,2.0,4.0,few hours a day,3.0,18.0,1.0,female,village
469,469,5.0,4.0,5.0,3.0,3.0,1.0,1.0,4.0,2.0,most of the day,4.0,22.0,2.0,male,city
470,470,4.0,1.0,4.0,4.0,2.0,2.0,1.0,3.0,4.0,few hours a day,5.0,19.0,1.0,female,village
471,471,5.0,2.0,5.0,3.0,3.0,1.0,3.0,1.0,3.0,few hours a day,1.0,20.0,1.0,male,city
472,472,3.0,1.0,3.0,2.0,5.0,2.0,1.0,5.0,3.0,few hours a day,3.0,25.0,1.0,male,village
473,473,5.0,1.0,5.0,5.0,2.0,5.0,2.0,5.0,1.0,less than an hour a day,5.0,29.0,0.0,male,village
474,474,5.0,5.0,5.0,3.0,5.0,5.0,3.0,2.0,4.0,few hours a day,3.0,19.0,1.0,male,village
475,475,5.0,1.0,4.0,4.0,3.0,5.0,1.0,3.0,3.0,few hours a day,1.0,18.0,4.0,female,city
476,476,5.0,1.0,5.0,3.0,1.0,5.0,2.0,3.0,3.0,few hours a day,3.0,20.0,2.0,female,city
477,477,5.0,1.0,5.0,2.0,4.0,4.0,2.0,4.0,4.0,most of the day,3.0,18.0,3.0,female,city
478,478,5.0,3.0,5.0,2.0,1.0,4.0,2.0,4.0,2.0,most of the day,3.0,30.0,3.0,male,city
479,479,5.0,2.0,5.0,2.0,1.0,5.0,3.0,2.0,3.0,few hours a day,3.0,20.0,1.0,female,city
480,480,5.0,4.0,5.0,3.0,3.0,5.0,2.0,3.0,4.0,few hours a day,3.0,21.0,2.0,female,city
481,481,5.0,5.0,5.0,5.0,1.0,1.0,1.0,3.0,4.0,few hours a day,3.0,22.0,1.0,male,city
482,482,3.0,1.0,5.0,4.0,4.0,5.0,2.0,1.0,3.0,few hours a day,4.0,22.0,2.0,male,city
483,483,5.0,1.0,5.0,3.0,4.0,3.0,4.0,5.0,3.0,few hours a day,1.0,20.0,1.0,female,city
484,484,5.0,2.0,5.0,4.0,4.0,1.0,5.0,3.0,3.0,few hours a day,2.0,20.0,1.0,female,city
485,485,5.0,1.0,5.0,1.0,1.0,1.0,5.0,5.0,3.0,few hours a day,3.0,19.0,1.0,female,city
486,486,3.0,2.0,5.0,4.0,3.0,1.0,5.0,2.0,2.0,few hours a day,2.0,28.0,1.0,female,city
487,487,5.0,1.0,5.0,1.0,1.0,1.0,3.0,1.0,3.0,most of the day,1.0,19.0,3.0,female,village
488,488,5.0,1.0,5.0,5.0,3.0,3.0,1.0,3.0,4.0,few hours a day,2.0,22.0,1.0,male,city
489,489,5.0,1.0,5.0,5.0,1.0,2.0,5.0,1.0,3.0,few hours a day,4.0,20.0,2.0,female,village
490,490,4.0,4.0,1.0,1.0,1.0,1.0,5.0,3.0,4.0,less than an hour a day,3.0,16.0,1.0,female,city
491,491,5.0,1.0,5.0,2.0,2.0,2.0,5.0,3.0,3.0,less than an hour a day,3.0,19.0,1.0,female,city
492,492,5.0,2.0,5.0,5.0,3.0,5.0,4.0,5.0,4.0,few hours a day,2.0,20.0,2.0,female,city
493,493,5.0,2.0,5.0,3.0,2.0,5.0,2.0,2.0,3.0,most of the day,5.0,21.0,1.0,male,city
494,494,5.0,1.0,5.0,2.0,4.0,1.0,1.0,3.0,4.0,few hours a day,3.0,19.0,1.0,female,city
495,495,5.0,2.0,5.0,2.0,2.0,4.0,4.0,3.0,4.0,most of the day,4.0,20.0,2.0,female,city
496,496,3.0,2.0,4.0,3.0,3.0,2.0,5.0,3.0,3.0,less than an hour a day,3.0,25.0,1.0,female,city
497,497,5.0,1.0,3.0,3.0,1.0,1.0,1.0,1.0,2.0,less than an hour a day,3.0,20.0,1.0,female,city
498,498,5.0,1.0,5.0,4.0,1.0,5.0,1.0,3.0,3.0,few hours a day,2.0,19.0,3.0,female,village
499,499,5.0,3.0,5.0,3.0,2.0,1.0,1.0,2.0,3.0,most of the day,5.0,22.0,3.0,male,city
500,500,5.0,4.0,5.0,4.0,3.0,5.0,2.0,4.0,4.0,few hours a day,3.0,19.0,2.0,female,city
501,501,5.0,2.0,4.0,3.0,4.0,1.0,5.0,4.0,3.0,few hours a day,5.0,21.0,1.0,female,city
502,502,5.0,3.0,5.0,2.0,3.0,1.0,3.0,2.0,4.0,most of the day,2.0,22.0,6.0,male,village
503,503,5.0,5.0,5.0,4.0,5.0,3.0,4.0,3.0,3.0,few hours a day,5.0,28.0,1.0,female,city
504,504,5.0,1.0,5.0,3.0,5.0,5.0,1.0,1.0,4.0,few hours a day,2.0,21.0,1.0,female,village
505,505,5.0,1.0,5.0,2.0,3.0,1.0,1.0,2.0,3.0,few hours a day,2.0,20.0,3.0,male,village
506,506,5.0,2.0,5.0,2.0,2.0,4.0,2.0,1.0,4.0,few hours a day,2.0,19.0,1.0,male,city
507,507,5.0,1.0,4.0,3.0,2.0,3.0,5.0,4.0,3.0,few hours a day,3.0,21.0,1.0,female,village
508,508,5.0,1.0,5.0,3.0,1.0,3.0,4.0,2.0,4.0,few hours a day,4.0,20.0,0.0,male,village
509,509,4.0,4.0,4.0,5.0,1.0,4.0,1.0,1.0,5.0,few hours a day,4.0,16.0,1.0,female,village
510,510,5.0,2.0,4.0,3.0,3.0,5.0,1.0,2.0,3.0,less than an hour a day,3.0,22.0,1.0,male,village
511,511,5.0,1.0,5.0,2.0,4.0,4.0,2.0,3.0,4.0,few hours a day,4.0,19.0,2.0,male,city
512,512,5.0,4.0,4.0,1.0,1.0,1.0,5.0,1.0,4.0,few hours a day,5.0,22.0,1.0,female,village
513,513,5.0,3.0,4.0,2.0,5.0,4.0,1.0,3.0,3.0,most of the day,4.0,20.0,0.0,male,village
514,514,5.0,1.0,5.0,3.0,1.0,2.0,4.0,3.0,3.0,few hours a day,4.0,22.0,0.0,male,city
515,515,5.0,1.0,5.0,3.0,4.0,1.0,2.0,3.0,2.0,most of the day,5.0,19.0,1.0,male,city
516,516,5.0,4.0,5.0,5.0,1.0,5.0,5.0,3.0,5.0,few hours a day,3.0,22.0,2.0,male,city
517,517,5.0,4.0,5.0,4.0,2.0,2.0,1.0,1.0,4.0,few hours a day,3.0,17.0,1.0,female,village
518,518,5.0,4.0,4.0,3.0,1.0,5.0,2.0,4.0,4.0,less than an hour a day,4.0,18.0,1.0,female,city
519,519,5.0,4.0,4.0,4.0,2.0,2.0,1.0,2.0,3.0,few hours a day,1.0,19.0,1.0,male,city
520,520,5.0,2.0,5.0,4.0,3.0,3.0,5.0,3.0,3.0,less than an hour a day,3.0,23.0,1.0,female,city
521,521,5.0,3.0,5.0,3.0,1.0,4.0,1.0,4.0,3.0,few hours a day,1.0,20.0,0.0,female,city
522,522,5.0,4.0,5.0,2.0,1.0,5.0,2.0,1.0,3.0,few hours a day,3.0,18.0,2.0,female,city
523,523,5.0,3.0,5.0,2.0,,4.0,1.0,3.0,3.0,few hours a day,1.0,19.0,3.0,male,village
524,524,5.0,1.0,5.0,3.0,3.0,5.0,2.0,3.0,4.0,less than an hour a day,4.0,19.0,4.0,female,city
525,525,3.0,1.0,4.0,3.0,3.0,4.0,1.0,4.0,3.0,few hours a day,3.0,28.0,2.0,female,village
526,526,5.0,1.0,5.0,4.0,5.0,5.0,1.0,2.0,4.0,few hours a day,4.0,21.0,1.0,male,village
527,527,4.0,2.0,4.0,2.0,5.0,5.0,3.0,1.0,3.0,few hours a day,4.0,23.0,1.0,female,city
528,528,5.0,3.0,5.0,2.0,5.0,1.0,1.0,4.0,3.0,most of the day,3.0,20.0,2.0,male,city
529,529,5.0,1.0,4.0,5.0,1.0,3.0,1.0,3.0,3.0,few hours a day,3.0,20.0,1.0,male,city
530,530,5.0,1.0,4.0,5.0,3.0,2.0,3.0,3.0,2.0,most of the day,4.0,28.0,2.0,female,city
531,531,5.0,1.0,5.0,5.0,3.0,1.0,2.0,4.0,1.0,few hours a day,3.0,22.0,1.0,male,village
532,532,5.0,4.0,5.0,5.0,1.0,1.0,2.0,2.0,4.0,few hours a day,2.0,19.0,0.0,female,city
533,533,5.0,3.0,5.0,3.0,3.0,1.0,1.0,4.0,3.0,few hours a day,3.0,21.0,3.0,male,city
534,534,5.0,2.0,5.0,3.0,1.0,5.0,5.0,4.0,3.0,few hours a day,3.0,21.0,1.0,female,city
535,535,5.0,4.0,5.0,3.0,3.0,5.0,1.0,3.0,3.0,few hours a day,1.0,17.0,2.0,male,village
536,536,5.0,5.0,5.0,3.0,1.0,5.0,5.0,1.0,3.0,few hours a day,1.0,19.0,1.0,female,city
537,537,5.0,2.0,5.0,4.0,2.0,1.0,2.0,2.0,3.0,few hours a day,3.0,25.0,3.0,male,city
538,538,5.0,3.0,5.0,4.0,1.0,5.0,5.0,1.0,3.0,few hours a day,4.0,20.0,1.0,female,village
539,539,5.0,1.0,5.0,5.0,1.0,1.0,4.0,5.0,3.0,most of the day,1.0,26.0,2.0,male,city
540,540,5.0,3.0,5.0,3.0,3.0,5.0,3.0,3.0,3.0,few hours a day,3.0,21.0,0.0,male,city
541,541,5.0,1.0,5.0,2.0,1.0,3.0,3.0,1.0,4.0,few hours a day,2.0,20.0,2.0,female,city
542,542,5.0,2.0,5.0,4.0,2.0,2.0,4.0,3.0,3.0,most of the day,2.0,29.0,1.0,,city
543,543,5.0,4.0,5.0,3.0,2.0,2.0,4.0,3.0,4.0,most of the day,3.0,25.0,1.0,male,city
544,544,5.0,1.0,5.0,3.0,1.0,5.0,1.0,5.0,4.0,few hours a day,1.0,21.0,2.0,male,city
545,545,5.0,3.0,5.0,3.0,1.0,1.0,3.0,4.0,5.0,most of the day,3.0,20.0,3.0,male,village
546,546,5.0,1.0,5.0,3.0,4.0,2.0,1.0,3.0,4.0,few hours a day,4.0,27.0,3.0,male,village
547,547,5.0,1.0,5.0,5.0,1.0,4.0,1.0,1.0,4.0,few hours a day,3.0,21.0,2.0,male,village
548,548,4.0,1.0,4.0,2.0,1.0,3.0,1.0,1.0,4.0,less than an hour a day,4.0,20.0,1.0,female,city
549,549,5.0,4.0,4.0,2.0,1.0,2.0,2.0,3.0,3.0,less than an hour a day,3.0,,1.0,female,village
550,550,5.0,1.0,5.0,3.0,3.0,5.0,5.0,5.0,3.0,few hours a day,1.0,17.0,3.0,female,village
551,551,5.0,1.0,3.0,4.0,3.0,1.0,5.0,2.0,4.0,less than an hour a day,2.0,16.0,,female,village
552,552,5.0,2.0,5.0,4.0,3.0,5.0,5.0,3.0,2.0,few hours a day,3.0,19.0,3.0,female,city
553,553,3.0,3.0,4.0,2.0,3.0,5.0,5.0,3.0,3.0,few hours a day,2.0,18.0,1.0,female,village
554,554,4.0,3.0,4.0,2.0,5.0,3.0,2.0,3.0,3.0,few hours a day,3.0,19.0,0.0,male,village
555,555,5.0,2.0,4.0,1.0,1.0,3.0,1.0,4.0,2.0,few hours a day,1.0,21.0,1.0,female,village
556,556,5.0,2.0,5.0,2.0,1.0,2.0,5.0,2.0,4.0,few hours a day,3.0,16.0,0.0,female,city
557,557,5.0,1.0,5.0,5.0,1.0,5.0,5.0,3.0,4.0,few hours a day,4.0,20.0,2.0,female,city
558,558,,2.0,3.0,3.0,2.0,4.0,5.0,2.0,4.0,few hours a day,2.0,19.0,2.0,female,city
559,559,5.0,1.0,5.0,1.0,1.0,2.0,1.0,5.0,3.0,most of the day,3.0,20.0,1.0,female,village
560,560,5.0,2.0,3.0,1.0,1.0,5.0,1.0,4.0,4.0,less than an hour a day,4.0,16.0,2.0,female,village
561,561,5.0,4.0,4.0,4.0,2.0,3.0,2.0,3.0,4.0,less than an hour a day,5.0,20.0,1.0,male,city
562,562,5.0,1.0,5.0,3.0,1.0,3.0,1.0,3.0,3.0,less than an hour a day,3.0,18.0,0.0,male,village
563,563,5.0,2.0,5.0,5.0,1.0,4.0,4.0,1.0,4.0,few hours a day,1.0,20.0,1.0,male,village
564,564,5.0,2.0,5.0,3.0,2.0,3.0,5.0,2.0,4.0,less than an hour a day,4.0,20.0,2.0,male,village
565,565,5.0,3.0,5.0,1.0,2.0,2.0,5.0,5.0,3.0,few hours a day,3.0,16.0,2.0,female,city
566,566,5.0,2.0,5.0,4.0,3.0,4.0,3.0,3.0,4.0,less than an hour a day,3.0,19.0,1.0,female,village
567,567,5.0,2.0,4.0,1.0,3.0,2.0,1.0,3.0,2.0,few hours a day,2.0,19.0,1.0,male,city
568,568,5.0,3.0,5.0,1.0,1.0,1.0,3.0,4.0,4.0,most of the day,3.0,23.0,1.0,female,city
569,569,5.0,2.0,5.0,4.0,3.0,5.0,2.0,3.0,3.0,few hours a day,3.0,20.0,1.0,female,city
570,570,5.0,1.0,5.0,4.0,1.0,3.0,1.0,3.0,3.0,few hours a day,3.0,23.0,4.0,male,village
571,571,3.0,4.0,4.0,1.0,4.0,4.0,3.0,4.0,5.0,few hours a day,5.0,19.0,2.0,male,village
572,572,5.0,1.0,4.0,2.0,3.0,5.0,2.0,2.0,4.0,few hours a day,5.0,22.0,3.0,female,city
573,573,4.0,4.0,5.0,3.0,1.0,4.0,5.0,1.0,3.0,most of the day,1.0,17.0,3.0,male,city
574,574,5.0,5.0,5.0,3.0,1.0,4.0,1.0,3.0,3.0,less than an hour a day,3.0,20.0,1.0,female,village
575,575,5.0,2.0,4.0,2.0,2.0,4.0,2.0,4.0,2.0,less than an hour a day,4.0,21.0,1.0,female,city
576,576,5.0,3.0,5.0,3.0,3.0,4.0,4.0,2.0,3.0,few hours a day,1.0,21.0,3.0,male,city
577,577,5.0,2.0,5.0,3.0,4.0,5.0,5.0,2.0,2.0,few hours a day,3.0,19.0,1.0,female,city
578,578,5.0,1.0,5.0,2.0,1.0,5.0,4.0,3.0,4.0,few hours a day,3.0,20.0,0.0,female,village
579,579,5.0,5.0,5.0,5.0,5.0,2.0,2.0,4.0,3.0,most of the day,1.0,19.0,0.0,male,city
580,580,5.0,3.0,5.0,3.0,2.0,,1.0,1.0,3.0,few hours a day,5.0,21.0,0.0,male,city
581,581,5.0,5.0,4.0,1.0,3.0,5.0,5.0,3.0,4.0,few hours a day,4.0,22.0,1.0,female,city
582,582,3.0,4.0,5.0,5.0,3.0,1.0,4.0,3.0,2.0,few hours a day,5.0,22.0,3.0,male,city
583,583,5.0,1.0,5.0,5.0,2.0,4.0,1.0,3.0,4.0,most of the day,3.0,22.0,1.0,male,city
584,584,5.0,4.0,4.0,3.0,2.0,5.0,3.0,4.0,4.0,most of the day,2.0,28.0,1.0,female,city
585,585,5.0,4.0,4.0,2.0,1.0,3.0,3.0,3.0,4.0,less than an hour a day,3.0,21.0,1.0,male,city
586,586,5.0,5.0,5.0,4.0,1.0,4.0,3.0,,3.0,few hours a day,2.0,21.0,2.0,male,village
587,587,5.0,2.0,4.0,4.0,1.0,5.0,3.0,4.0,2.0,few hours a day,2.0,17.0,3.0,female,city
588,588,5.0,1.0,5.0,3.0,1.0,3.0,5.0,2.0,3.0,less than an hour a day,2.0,21.0,1.0,female,city
589,589,5.0,2.0,5.0,5.0,1.0,4.0,5.0,3.0,4.0,few hours a day,1.0,17.0,1.0,female,village
590,590,5.0,1.0,5.0,4.0,5.0,4.0,1.0,3.0,4.0,few hours a day,2.0,28.0,1.0,male,city
591,591,4.0,1.0,3.0,3.0,1.0,3.0,1.0,1.0,3.0,few hours a day,4.0,20.0,1.0,female,city
592,592,5.0,4.0,4.0,3.0,1.0,5.0,1.0,3.0,4.0,few hours a day,3.0,19.0,0.0,female,city
593,593,5.0,1.0,4.0,2.0,1.0,5.0,2.0,2.0,3.0,less than an hour a day,4.0,21.0,1.0,female,city
594,594,5.0,1.0,4.0,5.0,2.0,1.0,1.0,5.0,1.0,few hours a day,2.0,23.0,1.0,male,city
595,595,5.0,1.0,5.0,4.0,1.0,5.0,1.0,5.0,2.0,most of the day,1.0,17.0,1.0,male,village
596,596,5.0,5.0,3.0,2.0,1.0,4.0,1.0,5.0,3.0,few hours a day,4.0,20.0,0.0,male,city
597,597,5.0,3.0,5.0,2.0,2.0,2.0,1.0,2.0,4.0,less than an hour a day,3.0,19.0,1.0,male,city
598,598,4.0,3.0,5.0,3.0,2.0,5.0,4.0,4.0,3.0,few hours a day,5.0,19.0,1.0,male,city
599,599,5.0,3.0,5.0,4.0,4.0,2.0,2.0,2.0,4.0,few hours a day,2.0,19.0,1.0,male,city
600,600,5.0,4.0,5.0,2.0,1.0,5.0,5.0,4.0,3.0,most of the day,3.0,18.0,0.0,female,city
601,601,5.0,1.0,5.0,3.0,2.0,5.0,3.0,3.0,3.0,few hours a day,3.0,19.0,1.0,female,village
602,602,4.0,3.0,5.0,4.0,2.0,3.0,3.0,2.0,3.0,few hours a day,5.0,22.0,1.0,male,village
603,603,5.0,4.0,,3.0,2.0,3.0,3.0,3.0,4.0,few hours a day,3.0,21.0,1.0,female,city
604,604,5.0,1.0,5.0,5.0,1.0,5.0,5.0,5.0,3.0,few hours a day,3.0,21.0,1.0,female,city
605,605,5.0,1.0,5.0,3.0,2.0,5.0,5.0,1.0,4.0,less than an hour a day,3.0,21.0,1.0,male,village
606,606,4.0,1.0,5.0,2.0,2.0,4.0,1.0,4.0,4.0,few hours a day,4.0,22.0,1.0,male,village
607,607,3.0,1.0,4.0,4.0,1.0,5.0,2.0,2.0,5.0,less than an hour a day,3.0,19.0,1.0,female,city
608,608,3.0,1.0,5.0,5.0,5.0,4.0,2.0,1.0,2.0,few hours a day,3.0,25.0,1.0,male,city
609,609,4.0,4.0,3.0,5.0,5.0,3.0,1.0,3.0,4.0,few hours a day,4.0,18.0,2.0,male,city
610,610,5.0,3.0,4.0,2.0,2.0,1.0,5.0,3.0,2.0,few hours a day,3.0,20.0,1.0,male,city
611,611,5.0,3.0,5.0,3.0,3.0,5.0,4.0,3.0,3.0,most of the day,2.0,18.0,0.0,female,city
612,612,5.0,5.0,3.0,4.0,3.0,2.0,3.0,1.0,4.0,most of the day,3.0,23.0,2.0,male,village
613,613,5.0,3.0,5.0,4.0,1.0,5.0,5.0,4.0,4.0,most of the day,2.0,18.0,1.0,female,city
614,614,5.0,5.0,5.0,3.0,1.0,5.0,1.0,3.0,2.0,few hours a day,5.0,22.0,1.0,female,village
615,615,5.0,3.0,5.0,2.0,2.0,2.0,1.0,3.0,4.0,few hours a day,1.0,20.0,0.0,male,city
616,616,3.0,4.0,5.0,4.0,3.0,4.0,1.0,1.0,1.0,few hours a day,3.0,19.0,1.0,male,city
617,617,5.0,1.0,4.0,3.0,1.0,1.0,1.0,3.0,5.0,most of the day,3.0,19.0,1.0,female,city
618,618,5.0,1.0,5.0,5.0,1.0,1.0,3.0,5.0,4.0,most of the day,3.0,23.0,0.0,female,city
619,619,5.0,2.0,5.0,3.0,5.0,1.0,3.0,2.0,3.0,few hours a day,2.0,27.0,4.0,male,city
620,620,5.0,2.0,5.0,4.0,1.0,2.0,3.0,4.0,2.0,most of the day,1.0,20.0,2.0,male,city
621,621,4.0,5.0,5.0,1.0,1.0,3.0,5.0,5.0,4.0,most of the day,3.0,20.0,3.0,,city
622,622,5.0,4.0,5.0,2.0,1.0,5.0,2.0,2.0,4.0,few hours a day,3.0,18.0,1.0,female,city
623,623,5.0,1.0,5.0,5.0,1.0,3.0,1.0,4.0,3.0,few hours a day,1.0,21.0,3.0,male,city
624,624,5.0,1.0,5.0,3.0,1.0,2.0,5.0,2.0,2.0,few hours a day,1.0,21.0,1.0,female,city
625,625,5.0,2.0,5.0,2.0,3.0,5.0,5.0,1.0,3.0,few hours a day,4.0,19.0,1.0,female,city
626,626,5.0,4.0,5.0,2.0,2.0,4.0,2.0,3.0,3.0,less than an hour a day,4.0,22.0,0.0,female,village
627,627,5.0,2.0,5.0,3.0,3.0,1.0,3.0,3.0,3.0,less than an hour a day,5.0,20.0,1.0,female,city
628,628,4.0,2.0,5.0,2.0,4.0,4.0,1.0,4.0,4.0,few hours a day,3.0,19.0,0.0,male,city
629,629,5.0,3.0,5.0,2.0,1.0,5.0,3.0,3.0,4.0,few hours a day,1.0,20.0,0.0,female,city
630,630,5.0,5.0,4.0,3.0,3.0,1.0,5.0,3.0,3.0,few hours a day,3.0,19.0,1.0,female,city
631,631,5.0,3.0,5.0,3.0,4.0,5.0,4.0,2.0,3.0,few hours a day,2.0,18.0,1.0,female,village
632,632,5.0,4.0,4.0,4.0,3.0,4.0,1.0,3.0,4.0,few hours a day,2.0,17.0,1.0,male,village
633,633,5.0,1.0,5.0,1.0,1.0,3.0,1.0,1.0,3.0,less than an hour a day,2.0,21.0,2.0,male,city
634,634,5.0,2.0,4.0,3.0,2.0,2.0,4.0,2.0,4.0,few hours a day,3.0,19.0,1.0,female,village
635,635,4.0,1.0,4.0,4.0,1.0,2.0,3.0,3.0,4.0,less than an hour a day,3.0,25.0,1.0,female,city
636,636,5.0,3.0,5.0,5.0,1.0,4.0,3.0,1.0,4.0,few hours a day,1.0,24.0,2.0,male,village
637,637,5.0,2.0,,4.0,5.0,5.0,1.0,2.0,3.0,less than an hour a day,2.0,29.0,1.0,male,village
638,638,5.0,1.0,4.0,4.0,1.0,5.0,3.0,3.0,3.0,few hours a day,2.0,21.0,1.0,female,city
639,639,5.0,1.0,5.0,2.0,3.0,1.0,3.0,5.0,3.0,few hours a day,3.0,18.0,1.0,male,city
640,640,5.0,1.0,5.0,4.0,3.0,4.0,5.0,3.0,5.0,few hours a day,2.0,21.0,3.0,female,city
641,641,5.0,3.0,5.0,2.0,2.0,3.0,2.0,4.0,3.0,most of the day,4.0,17.0,2.0,male,city
642,642,4.0,3.0,4.0,3.0,4.0,5.0,1.0,5.0,4.0,most of the day,4.0,22.0,0.0,male,city
643,643,5.0,2.0,5.0,4.0,2.0,5.0,2.0,2.0,4.0,few hours a day,4.0,18.0,2.0,female,village
644,644,4.0,1.0,5.0,3.0,4.0,5.0,4.0,2.0,5.0,few hours a day,4.0,18.0,3.0,female,village
645,645,5.0,5.0,4.0,5.0,3.0,5.0,1.0,3.0,4.0,few hours a day,4.0,23.0,1.0,male,village
646,646,4.0,2.0,5.0,2.0,1.0,1.0,2.0,1.0,3.0,few hours a day,3.0,22.0,1.0,male,city
647,647,5.0,1.0,5.0,5.0,1.0,5.0,3.0,3.0,3.0,most of the day,3.0,21.0,0.0,female,village
648,648,5.0,2.0,5.0,2.0,2.0,2.0,4.0,2.0,3.0,few hours a day,3.0,23.0,3.0,female,city
649,649,5.0,2.0,5.0,3.0,1.0,5.0,5.0,4.0,3.0,few hours a day,2.0,17.0,1.0,female,city
650,650,5.0,3.0,5.0,3.0,4.0,5.0,2.0,4.0,2.0,few hours a day,3.0,20.0,1.0,male,city
651,651,5.0,4.0,5.0,5.0,1.0,2.0,1.0,2.0,3.0,few hours a day,5.0,22.0,1.0,male,city
652,652,4.0,1.0,5.0,3.0,4.0,1.0,4.0,5.0,4.0,few hours a day,4.0,21.0,0.0,male,city
653,653,5.0,1.0,5.0,3.0,1.0,5.0,2.0,3.0,4.0,few hours a day,5.0,22.0,0.0,female,village
654,654,4.0,3.0,4.0,4.0,3.0,4.0,4.0,3.0,3.0,few hours a day,4.0,24.0,2.0,male,village
655,655,5.0,4.0,5.0,1.0,3.0,1.0,4.0,4.0,4.0,few hours a day,3.0,19.0,1.0,female,village
656,656,5.0,1.0,5.0,5.0,5.0,5.0,5.0,3.0,,few hours a day,3.0,18.0,1.0,female,city
657,657,5.0,1.0,5.0,1.0,1.0,3.0,4.0,3.0,3.0,most of the day,3.0,24.0,1.0,female,city
658,658,5.0,4.0,5.0,1.0,5.0,4.0,1.0,1.0,3.0,few hours a day,4.0,22.0,3.0,male,city
659,659,5.0,1.0,2.0,2.0,3.0,2.0,1.0,5.0,3.0,few hours a day,4.0,20.0,1.0,male,village
660,660,5.0,1.0,5.0,5.0,2.0,1.0,2.0,5.0,4.0,less than an hour a day,5.0,20.0,1.0,female,city
661,661,5.0,2.0,3.0,4.0,2.0,4.0,2.0,2.0,3.0,few hours a day,2.0,19.0,1.0,female,city
662,662,5.0,2.0,4.0,3.0,4.0,5.0,4.0,2.0,2.0,few hours a day,4.0,21.0,1.0,female,city
663,663,5.0,2.0,4.0,4.0,3.0,1.0,2.0,3.0,3.0,no time at all,3.0,25.0,1.0,male,city
664,664,5.0,1.0,5.0,3.0,1.0,2.0,2.0,2.0,4.0,few hours a day,4.0,28.0,1.0,female,village
665,665,5.0,4.0,5.0,4.0,1.0,5.0,3.0,3.0,3.0,few hours a day,3.0,20.0,1.0,female,city
666,666,5.0,1.0,4.0,3.0,1.0,5.0,2.0,5.0,3.0,few hours a day,2.0,20.0,2.0,female,city
667,667,5.0,1.0,3.0,5.0,2.0,4.0,2.0,2.0,3.0,few hours a day,4.0,23.0,1.0,male,city
668,668,5.0,1.0,4.0,2.0,4.0,2.0,2.0,4.0,2.0,few hours a day,3.0,27.0,1.0,male,city
669,669,4.0,4.0,4.0,4.0,2.0,3.0,2.0,3.0,3.0,few hours a day,4.0,21.0,1.0,male,village
670,670,5.0,2.0,3.0,3.0,2.0,4.0,1.0,3.0,3.0,few hours a day,3.0,23.0,1.0,female,city
671,671,5.0,4.0,4.0,3.0,3.0,5.0,2.0,3.0,4.0,few hours a day,3.0,22.0,2.0,female,city
672,672,3.0,1.0,4.0,3.0,1.0,5.0,5.0,3.0,3.0,few hours a day,4.0,28.0,1.0,female,city
673,673,4.0,1.0,4.0,3.0,1.0,5.0,4.0,4.0,3.0,less than an hour a day,4.0,22.0,2.0,female,city
674,674,5.0,1.0,4.0,1.0,3.0,3.0,1.0,2.0,4.0,less than an hour a day,3.0,18.0,1.0,male,city
675,675,5.0,3.0,5.0,3.0,2.0,2.0,4.0,3.0,4.0,most of the day,3.0,25.0,1.0,female,city
676,676,5.0,2.0,5.0,3.0,1.0,3.0,3.0,2.0,3.0,few hours a day,3.0,20.0,2.0,female,city
677,677,4.0,1.0,5.0,5.0,4.0,5.0,1.0,1.0,3.0,few hours a day,2.0,28.0,1.0,female,city
678,678,5.0,1.0,3.0,5.0,2.0,5.0,3.0,4.0,4.0,few hours a day,3.0,23.0,1.0,female,city
679,679,5.0,3.0,5.0,3.0,1.0,5.0,1.0,3.0,4.0,few hours a day,4.0,21.0,0.0,female,city
680,680,5.0,5.0,5.0,4.0,3.0,5.0,5.0,3.0,3.0,few hours a day,3.0,25.0,1.0,female,city
681,681,5.0,4.0,4.0,3.0,2.0,3.0,5.0,3.0,3.0,few hours a day,3.0,28.0,1.0,female,city
682,682,4.0,5.0,5.0,3.0,4.0,5.0,2.0,3.0,3.0,few hours a day,1.0,19.0,4.0,male,village
683,683,5.0,1.0,5.0,4.0,1.0,5.0,,3.0,4.0,less than an hour a day,3.0,30.0,1.0,female,village
684,684,5.0,1.0,5.0,2.0,3.0,3.0,3.0,2.0,3.0,few hours a day,2.0,28.0,1.0,female,village
685,685,5.0,3.0,5.0,3.0,2.0,5.0,4.0,4.0,4.0,few hours a day,3.0,19.0,0.0,female,village
686,686,2.0,3.0,3.0,3.0,3.0,3.0,3.0,3.0,3.0,less than an hour a day,3.0,21.0,1.0,male,city
687,687,5.0,1.0,5.0,3.0,1.0,2.0,5.0,3.0,5.0,few hours a day,3.0,19.0,1.0,male,city
688,688,5.0,1.0,5.0,3.0,3.0,1.0,5.0,4.0,4.0,few hours a day,4.0,18.0,2.0,female,city
689,689,5.0,3.0,5.0,5.0,3.0,5.0,1.0,3.0,3.0,few hours a day,4.0,18.0,1.0,male,city
690,690,5.0,3.0,5.0,4.0,3.0,2.0,4.0,3.0,3.0,few hours a day,3.0,18.0,1.0,male,city
691,691,5.0,2.0,5.0,3.0,1.0,3.0,5.0,4.0,3.0,less than an hour a day,2.0,17.0,0.0,female,city
692,692,5.0,2.0,5.0,5.0,3.0,3.0,1.0,1.0,3.0,few hours a day,3.0,21.0,1.0,male,city
693,693,5.0,4.0,4.0,2.0,1.0,3.0,2.0,5.0,3.0,few hours a day,3.0,18.0,1.0,female,village
694,694,5.0,4.0,5.0,5.0,5.0,1.0,3.0,5.0,3.0,few hours a day,3.0,21.0,4.0,male,city
695,695,5.0,3.0,4.0,4.0,2.0,5.0,5.0,3.0,3.0,few hours a day,3.0,23.0,0.0,female,city
696,696,5.0,3.0,5.0,3.0,2.0,3.0,1.0,4.0,3.0,less than an hour a day,3.0,18.0,1.0,female,city
697,697,5.0,1.0,5.0,2.0,4.0,1.0,5.0,4.0,3.0,most of the day,2.0,20.0,1.0,female,city
698,698,5.0,2.0,5.0,3.0,1.0,2.0,2.0,5.0,5.0,most of the day,1.0,19.0,0.0,female,city
699,699,5.0,2.0,5.0,2.0,1.0,1.0,2.0,3.0,3.0,few hours a day,2.0,20.0,1.0,female,city
700,700,5.0,1.0,5.0,3.0,1.0,5.0,2.0,2.0,3.0,few hours a day,4.0,26.0,3.0,female,village
701,701,5.0,5.0,5.0,5.0,3.0,5.0,3.0,3.0,4.0,few hours a day,4.0,21.0,1.0,female,city
702,702,5.0,1.0,4.0,5.0,5.0,2.0,4.0,5.0,3.0,most of the day,3.0,19.0,2.0,male,city
703,703,4.0,1.0,5.0,3.0,1.0,5.0,1.0,1.0,3.0,few hours a day,1.0,23.0,1.0,male,city
704,704,5.0,2.0,5.0,2.0,1.0,4.0,5.0,3.0,3.0,less than an hour a day,3.0,21.0,2.0,female,village
705,705,5.0,3.0,5.0,4.0,4.0,5.0,1.0,1.0,4.0,few hours a day,3.0,22.0,1.0,female,village
706,706,5.0,3.0,4.0,2.0,1.0,1.0,1.0,2.0,3.0,few hours a day,1.0,18.0,2.0,male,city
707,707,5.0,2.0,3.0,2.0,3.0,2.0,1.0,5.0,4.0,few hours a day,4.0,21.0,1.0,female,village
708,708,5.0,4.0,5.0,2.0,3.0,5.0,1.0,3.0,2.0,few hours a day,3.0,23.0,1.0,male,city
709,709,5.0,2.0,5.0,2.0,1.0,3.0,1.0,3.0,3.0,less than an hour a day,2.0,17.0,0.0,female,city
710,710,4.0,1.0,5.0,3.0,5.0,2.0,2.0,1.0,4.0,few hours a day,4.0,20.0,1.0,female,city
711,711,4.0,1.0,3.0,3.0,1.0,5.0,2.0,4.0,3.0,few hours a day,4.0,22.0,1.0,female,village
712,712,5.0,1.0,5.0,1.0,1.0,3.0,5.0,1.0,4.0,few hours a day,3.0,20.0,1.0,female,village
713,713,5.0,2.0,3.0,5.0,1.0,3.0,5.0,3.0,3.0,most of the day,1.0,19.0,2.0,female,village
714,714,5.0,3.0,5.0,3.0,3.0,5.0,4.0,2.0,4.0,less than an hour a day,5.0,25.0,0.0,female,village
715,715,4.0,1.0,5.0,4.0,2.0,5.0,2.0,2.0,3.0,few hours a day,3.0,29.0,1.0,male,village
716,716,5.0,3.0,4.0,5.0,5.0,2.0,3.0,3.0,4.0,less than an hour a day,5.0,29.0,2.0,male,village
717,717,5.0,1.0,5.0,3.0,3.0,5.0,3.0,3.0,3.0,few hours a day,3.0,17.0,1.0,female,city
718,718,5.0,,5.0,3.0,1.0,4.0,5.0,4.0,3.0,less than an hour a day,3.0,17.0,1.0,female,city
719,719,4.0,3.0,5.0,3.0,4.0,3.0,2.0,1.0,3.0,few hours a day,2.0,19.0,2.0,male,city
720,720,4.0,2.0,5.0,5.0,2.0,1.0,1.0,3.0,4.0,few hours a day,4.0,18.0,2.0,female,city
721,721,5.0,1.0,4.0,1.0,3.0,1.0,3.0,3.0,5.0,less than an hour a day,4.0,20.0,3.0,female,city
722,722,5.0,2.0,5.0,3.0,2.0,1.0,2.0,3.0,4.0,few hours a day,3.0,21.0,0.0,female,city
723,723,5.0,1.0,5.0,5.0,3.0,1.0,5.0,3.0,4.0,few hours a day,,18.0,1.0,female,city
724,724,4.0,2.0,5.0,2.0,2.0,2.0,5.0,3.0,3.0,few hours a day,3.0,19.0,1.0,female,city
725,725,5.0,3.0,5.0,5.0,1.0,3.0,1.0,2.0,3.0,few hours a day,1.0,19.0,0.0,male,village
726,726,5.0,4.0,5.0,2.0,1.0,5.0,3.0,5.0,3.0,less than an hour a day,2.0,20.0,2.0,male,city
727,727,5.0,5.0,3.0,1.0,3.0,1.0,3.0,1.0,3.0,less than an hour a day,3.0,19.0,1.0,male,village
728,728,5.0,3.0,5.0,5.0,5.0,5.0,5.0,3.0,3.0,few hours a day,1.0,18.0,1.0,female,village
729,729,5.0,3.0,,4.0,4.0,5.0,2.0,3.0,4.0,few hours a day,3.0,18.0,1.0,male,city
730,730,5.0,1.0,5.0,5.0,1.0,5.0,2.0,3.0,2.0,few hours a day,,16.0,1.0,female,village
731,731,5.0,2.0,5.0,4.0,4.0,1.0,1.0,4.0,4.0,few hours a day,4.0,18.0,1.0,female,city
732,732,5.0,2.0,4.0,5.0,3.0,1.0,2.0,2.0,3.0,few hours a day,3.0,19.0,0.0,female,village
733,733,4.0,1.0,5.0,5.0,5.0,5.0,2.0,3.0,3.0,most of the day,3.0,24.0,2.0,female,village
734,734,5.0,1.0,4.0,3.0,5.0,1.0,1.0,1.0,5.0,less than an hour a day,5.0,19.0,3.0,female,city
735,735,2.0,1.0,3.0,4.0,3.0,3.0,3.0,2.0,5.0,no time at all,5.0,,1.0,female,village
736,736,4.0,2.0,5.0,5.0,2.0,4.0,3.0,3.0,3.0,few hours a day,2.0,20.0,1.0,female,city
737,737,5.0,3.0,5.0,4.0,1.0,5.0,3.0,4.0,3.0,most of the day,3.0,21.0,0.0,female,city
738,738,5.0,,5.0,1.0,4.0,4.0,1.0,2.0,3.0,few hours a day,2.0,23.0,2.0,male,city
739,739,5.0,3.0,5.0,5.0,5.0,4.0,2.0,1.0,3.0,few hours a day,4.0,23.0,0.0,male,city
740,740,4.0,2.0,5.0,4.0,3.0,4.0,3.0,2.0,4.0,less than an hour a day,3.0,17.0,1.0,male,city
741,741,5.0,1.0,5.0,5.0,5.0,1.0,1.0,4.0,5.0,few hours a day,3.0,18.0,3.0,female,city
742,742,5.0,5.0,5.0,3.0,4.0,1.0,2.0,1.0,1.0,few hours a day,1.0,26.0,5.0,male,village
743,743,2.0,1.0,1.0,1.0,3.0,2.0,1.0,3.0,4.0,few hours a day,1.0,22.0,0.0,male,city
744,744,5.0,,5.0,3.0,1.0,3.0,1.0,4.0,2.0,less than an hour a day,2.0,22.0,2.0,male,city
745,745,5.0,5.0,4.0,4.0,4.0,4.0,3.0,2.0,3.0,most of the day,3.0,25.0,2.0,male,village
746,746,5.0,2.0,5.0,1.0,5.0,4.0,5.0,3.0,4.0,few hours a day,3.0,21.0,1.0,female,city
747,747,5.0,3.0,5.0,5.0,1.0,1.0,1.0,2.0,4.0,few hours a day,4.0,18.0,2.0,female,city
748,748,5.0,3.0,5.0,3.0,2.0,5.0,5.0,3.0,3.0,less than an hour a day,3.0,15.0,2.0,female,city
749,749,5.0,1.0,5.0,4.0,1.0,4.0,3.0,3.0,3.0,few hours a day,3.0,17.0,0.0,male,city
750,750,5.0,1.0,4.0,4.0,4.0,1.0,1.0,2.0,3.0,less than an hour a day,4.0,22.0,6.0,female,city
751,751,5.0,2.0,5.0,2.0,1.0,1.0,1.0,3.0,4.0,few hours a day,4.0,21.0,1.0,female,city
752,752,5.0,4.0,4.0,3.0,3.0,1.0,2.0,2.0,4.0,few hours a day,1.0,21.0,3.0,female,village
753,753,5.0,1.0,5.0,4.0,1.0,5.0,2.0,2.0,3.0,few hours a day,2.0,19.0,3.0,female,village
754,754,4.0,3.0,4.0,3.0,4.0,2.0,2.0,1.0,1.0,few hours a day,1.0,26.0,1.0,male,city
755,755,5.0,1.0,5.0,3.0,4.0,5.0,1.0,3.0,3.0,few hours a day,3.0,26.0,1.0,female,city
756,756,5.0,4.0,5.0,5.0,3.0,5.0,1.0,2.0,4.0,few hours a day,4.0,25.0,2.0,male,city
757,757,5.0,5.0,5.0,2.0,1.0,4.0,2.0,3.0,3.0,few hours a day,4.0,19.0,3.0,female,village
758,758,5.0,5.0,5.0,2.0,3.0,4.0,2.0,3.0,3.0,few hours a day,3.0,20.0,1.0,male,village
759,759,5.0,2.0,5.0,5.0,4.0,5.0,2.0,4.0,4.0,few hours a day,4.0,18.0,0.0,male,village
760,760,5.0,3.0,5.0,4.0,3.0,1.0,3.0,2.0,3.0,few hours a day,4.0,25.0,1.0,female,city
761,761,5.0,2.0,5.0,2.0,3.0,2.0,1.0,1.0,2.0,few hours a day,1.0,23.0,1.0,male,city
762,762,5.0,3.0,5.0,5.0,3.0,5.0,1.0,1.0,4.0,less than an hour a day,2.0,24.0,1.0,male,city
763,763,5.0,3.0,5.0,5.0,1.0,5.0,3.0,3.0,4.0,few hours a day,3.0,20.0,3.0,male,village
764,764,5.0,1.0,5.0,3.0,2.0,2.0,5.0,2.0,4.0,less than an hour a day,4.0,19.0,2.0,female,village
765,765,5.0,2.0,5.0,2.0,3.0,3.0,1.0,4.0,3.0,few hours a day,4.0,18.0,1.0,male,village
766,766,5.0,4.0,5.0,4.0,3.0,4.0,4.0,2.0,5.0,most of the day,4.0,25.0,2.0,female,city
767,767,1.0,2.0,4.0,3.0,3.0,3.0,3.0,1.0,3.0,few hours a day,3.0,22.0,2.0,male,city
768,768,4.0,3.0,4.0,3.0,2.0,4.0,4.0,3.0,2.0,few hours a day,2.0,26.0,1.0,male,city
769,769,3.0,3.0,5.0,4.0,4.0,4.0,2.0,3.0,3.0,less than an hour a day,4.0,19.0,0.0,female,city
770,770,1.0,1.0,4.0,1.0,2.0,2.0,5.0,1.0,2.0,less than an hour a day,3.0,16.0,2.0,female,city
771,771,5.0,1.0,5.0,3.0,3.0,1.0,1.0,3.0,3.0,few hours a day,4.0,18.0,0.0,male,city
772,772,5.0,1.0,5.0,3.0,1.0,4.0,4.0,2.0,3.0,few hours a day,3.0,20.0,1.0,female,city
773,773,5.0,2.0,5.0,3.0,3.0,4.0,5.0,4.0,3.0,less than an hour a day,3.0,17.0,0.0,female,city
774,774,3.0,1.0,4.0,4.0,2.0,1.0,2.0,2.0,4.0,most of the day,2.0,20.0,0.0,female,city
775,775,5.0,5.0,5.0,3.0,2.0,5.0,3.0,5.0,5.0,few hours a day,1.0,19.0,3.0,female,city
776,776,5.0,5.0,5.0,5.0,1.0,3.0,1.0,5.0,5.0,few hours a day,4.0,25.0,1.0,male,village
777,777,5.0,3.0,5.0,2.0,1.0,1.0,1.0,5.0,3.0,few hours a day,3.0,19.0,1.0,male,city
778,778,5.0,1.0,5.0,2.0,2.0,5.0,5.0,2.0,3.0,few hours a day,2.0,18.0,0.0,female,city
779,779,5.0,3.0,5.0,5.0,2.0,5.0,5.0,1.0,3.0,less than an hour a day,2.0,17.0,0.0,female,village
780,780,5.0,4.0,5.0,5.0,4.0,5.0,1.0,3.0,3.0,few hours a day,3.0,18.0,1.0,male,city
781,781,4.0,2.0,4.0,5.0,1.0,5.0,1.0,3.0,3.0,less than an hour a day,2.0,20.0,1.0,female,city
782,782,5.0,2.0,5.0,2.0,3.0,5.0,2.0,3.0,4.0,most of the day,4.0,17.0,3.0,female,village
783,783,5.0,4.0,5.0,5.0,2.0,5.0,1.0,3.0,3.0,few hours a day,4.0,21.0,1.0,male,village
784,784,4.0,4.0,5.0,4.0,2.0,1.0,2.0,3.0,4.0,few hours a day,2.0,19.0,1.0,male,city
785,785,4.0,1.0,5.0,5.0,1.0,4.0,1.0,3.0,2.0,few hours a day,2.0,19.0,0.0,male,city
786,786,5.0,3.0,4.0,4.0,2.0,1.0,1.0,2.0,4.0,few hours a day,3.0,19.0,0.0,male,city
787,787,5.0,3.0,5.0,5.0,3.0,2.0,1.0,2.0,4.0,few hours a day,2.0,16.0,1.0,male,city
788,788,5.0,1.0,4.0,2.0,1.0,1.0,1.0,3.0,3.0,less than an hour a day,4.0,18.0,2.0,female,city
789,789,5.0,4.0,5.0,3.0,1.0,5.0,3.0,1.0,4.0,most of the day,2.0,19.0,3.0,male,village
790,790,5.0,4.0,5.0,3.0,3.0,1.0,2.0,5.0,2.0,few hours a day,4.0,20.0,,female,village
791,791,5.0,3.0,5.0,3.0,1.0,1.0,2.0,3.0,3.0,few hours a day,1.0,19.0,1.0,female,city
792,792,5.0,3.0,3.0,4.0,1.0,3.0,1.0,2.0,4.0,less than an hour a day,3.0,21.0,1.0,male,village
793,793,2.0,4.0,5.0,3.0,4.0,2.0,1.0,3.0,5.0,few hours a day,4.0,24.0,2.0,male,city
794,794,4.0,1.0,5.0,2.0,1.0,5.0,1.0,1.0,3.0,less than an hour a day,5.0,23.0,1.0,male,city
795,795,5.0,1.0,4.0,4.0,4.0,5.0,5.0,3.0,4.0,most of the day,5.0,30.0,0.0,female,city
796,796,3.0,2.0,3.0,3.0,4.0,4.0,5.0,2.0,4.0,less than an hour a day,4.0,27.0,3.0,male,city
797,797,5.0,3.0,5.0,2.0,2.0,1.0,1.0,5.0,3.0,few hours a day,3.0,19.0,1.0,male,city
798,798,5.0,2.0,5.0,5.0,2.0,1.0,3.0,3.0,3.0,few hours a day,3.0,18.0,2.0,female,city
799,799,5.0,2.0,5.0,4.0,4.0,5.0,3.0,4.0,3.0,few hours a day,4.0,18.0,2.0,male,city
800,800,5.0,1.0,5.0,1.0,4.0,1.0,3.0,2.0,3.0,few hours a day,5.0,17.0,2.0,male,city
801,801,4.0,4.0,5.0,2.0,1.0,2.0,1.0,3.0,1.0,less than an hour a day,1.0,30.0,1.0,female,village
802,802,5.0,4.0,5.0,3.0,1.0,4.0,5.0,1.0,3.0,few hours a day,4.0,19.0,0.0,female,city
803,803,5.0,1.0,5.0,3.0,1.0,3.0,5.0,3.0,4.0,most of the day,3.0,27.0,5.0,female,village
804,804,5.0,2.0,5.0,1.0,1.0,5.0,5.0,2.0,4.0,most of the day,1.0,21.0,1.0,female,village
805,805,5.0,3.0,2.0,5.0,1.0,4.0,5.0,3.0,4.0,few hours a day,3.0,17.0,3.0,female,city
806,806,1.0,1.0,5.0,5.0,1.0,5.0,1.0,2.0,3.0,few hours a day,3.0,20.0,1.0,male,city
807,807,3.0,1.0,5.0,3.0,1.0,5.0,4.0,3.0,2.0,few hours a day,3.0,20.0,0.0,male,city
808,808,5.0,3.0,5.0,2.0,1.0,1.0,2.0,2.0,3.0,few hours a day,2.0,20.0,1.0,male,city
809,809,4.0,1.0,4.0,4.0,1.0,1.0,1.0,1.0,2.0,most of the day,2.0,18.0,0.0,male,city
810,810,5.0,1.0,5.0,4.0,1.0,5.0,5.0,2.0,3.0,few hours a day,1.0,20.0,1.0,male,city
811,811,5.0,1.0,4.0,4.0,2.0,5.0,3.0,4.0,4.0,few hours a day,4.0,20.0,1.0,male,city
812,812,5.0,1.0,5.0,5.0,1.0,4.0,1.0,2.0,2.0,few hours a day,1.0,17.0,1.0,female,city
813,813,5.0,1.0,5.0,3.0,1.0,5.0,1.0,1.0,2.0,few hours a day,1.0,19.0,1.0,male,city
814,814,5.0,5.0,5.0,3.0,3.0,5.0,5.0,5.0,1.0,few hours a day,2.0,20.0,1.0,female,city
815,815,5.0,2.0,5.0,4.0,4.0,5.0,1.0,1.0,3.0,few hours a day,3.0,20.0,1.0,male,city
816,816,5.0,3.0,5.0,5.0,3.0,5.0,5.0,1.0,4.0,few hours a day,2.0,21.0,0.0,male,city
817,817,3.0,1.0,3.0,1.0,1.0,2.0,1.0,5.0,5.0,most of the day,3.0,23.0,0.0,male,city
818,818,4.0,4.0,3.0,4.0,1.0,4.0,1.0,2.0,3.0,few hours a day,2.0,24.0,2.0,male,village
819,819,5.0,2.0,4.0,3.0,3.0,5.0,2.0,1.0,3.0,less than an hour a day,4.0,17.0,0.0,female,city
820,820,5.0,1.0,5.0,2.0,3.0,1.0,4.0,2.0,4.0,few hours a day,2.0,18.0,1.0,female,city
821,821,5.0,1.0,5.0,5.0,1.0,5.0,3.0,4.0,3.0,few hours a day,1.0,17.0,1.0,male,city
822,822,5.0,1.0,3.0,4.0,1.0,4.0,3.0,3.0,1.0,few hours a day,4.0,19.0,1.0,female,city
823,823,5.0,3.0,4.0,4.0,1.0,1.0,2.0,5.0,2.0,few hours a day,2.0,21.0,0.0,male,city
824,824,5.0,1.0,5.0,5.0,1.0,5.0,1.0,1.0,3.0,most of the day,4.0,29.0,1.0,female,city
825,825,4.0,1.0,5.0,2.0,2.0,5.0,2.0,3.0,3.0,few hours a day,2.0,21.0,1.0,female,city
826,826,5.0,1.0,5.0,4.0,1.0,1.0,4.0,3.0,3.0,few hours a day,1.0,20.0,1.0,female,village
827,827,5.0,1.0,4.0,2.0,1.0,2.0,2.0,2.0,4.0,few hours a day,1.0,20.0,1.0,female,city
828,828,1.0,4.0,5.0,2.0,3.0,2.0,2.0,2.0,3.0,few hours a day,4.0,19.0,1.0,male,village
829,829,5.0,1.0,5.0,3.0,2.0,2.0,4.0,5.0,5.0,few hours a day,3.0,20.0,0.0,female,city
830,830,5.0,2.0,5.0,4.0,5.0,5.0,5.0,3.0,4.0,most of the day,2.0,21.0,1.0,female,city
831,831,5.0,3.0,5.0,4.0,3.0,3.0,3.0,3.0,4.0,few hours a day,3.0,17.0,2.0,female,village
832,832,5.0,1.0,3.0,3.0,1.0,2.0,5.0,2.0,3.0,few hours a day,1.0,20.0,1.0,female,village
833,833,3.0,2.0,5.0,3.0,2.0,1.0,2.0,3.0,3.0,few hours a day,4.0,19.0,1.0,male,city
834,834,4.0,2.0,5.0,2.0,1.0,3.0,4.0,2.0,4.0,less than an hour a day,2.0,21.0,1.0,male,city
835,835,4.0,1.0,5.0,4.0,4.0,1.0,3.0,3.0,3.0,few hours a day,3.0,19.0,0.0,male,city
836,836,5.0,1.0,5.0,2.0,1.0,4.0,1.0,1.0,2.0,few hours a day,1.0,19.0,0.0,male,city
837,837,5.0,1.0,4.0,3.0,4.0,3.0,2.0,1.0,4.0,few hours a day,2.0,20.0,3.0,male,city
838,838,5.0,2.0,5.0,2.0,1.0,5.0,5.0,1.0,1.0,few hours a day,3.0,21.0,0.0,female,city
839,839,4.0,1.0,5.0,2.0,1.0,5.0,2.0,2.0,3.0,few hours a day,2.0,23.0,1.0,female,city
840,840,5.0,1.0,4.0,1.0,3.0,3.0,2.0,2.0,4.0,most of the day,4.0,24.0,1.0,female,city
841,841,5.0,5.0,3.0,3.0,1.0,1.0,4.0,5.0,5.0,few hours a day,1.0,19.0,3.0,male,city
842,842,,2.0,5.0,5.0,2.0,4.0,5.0,1.0,1.0,few hours a day,3.0,24.0,2.0,female,village
843,843,5.0,3.0,5.0,5.0,1.0,5.0,5.0,3.0,3.0,few hours a day,4.0,20.0,1.0,female,city
844,844,5.0,4.0,5.0,5.0,5.0,4.0,1.0,2.0,4.0,few hours a day,2.0,30.0,2.0,male,city
845,845,4.0,1.0,5.0,5.0,2.0,4.0,3.0,3.0,3.0,most of the day,1.0,20.0,1.0,female,city
846,846,5.0,5.0,5.0,2.0,2.0,5.0,5.0,4.0,4.0,few hours a day,4.0,23.0,4.0,female,city
847,847,5.0,1.0,5.0,3.0,1.0,5.0,4.0,5.0,1.0,few hours a day,1.0,19.0,1.0,female,city
848,848,5.0,2.0,3.0,1.0,1.0,2.0,1.0,1.0,2.0,few hours a day,3.0,19.0,4.0,male,city
849,849,3.0,1.0,5.0,1.0,5.0,4.0,4.0,5.0,2.0,most of the day,2.0,22.0,2.0,female,village
850,850,4.0,1.0,5.0,2.0,1.0,5.0,5.0,2.0,4.0,few hours a day,5.0,17.0,0.0,female,city
851,851,5.0,5.0,5.0,4.0,5.0,3.0,1.0,3.0,5.0,few hours a day,1.0,20.0,2.0,male,city
852,852,5.0,3.0,5.0,4.0,3.0,5.0,2.0,1.0,4.0,few hours a day,4.0,19.0,2.0,male,village
853,853,5.0,1.0,5.0,3.0,3.0,5.0,1.0,3.0,5.0,few hours a day,4.0,30.0,4.0,female,village
854,854,5.0,1.0,4.0,2.0,3.0,3.0,5.0,3.0,4.0,few hours a day,2.0,27.0,0.0,male,city
855,855,5.0,4.0,5.0,4.0,4.0,3.0,4.0,3.0,4.0,few hours a day,3.0,19.0,1.0,male,city
856,856,5.0,3.0,5.0,4.0,4.0,5.0,4.0,2.0,3.0,few hours a day,2.0,17.0,1.0,female,city
857,857,5.0,5.0,5.0,2.0,1.0,5.0,2.0,2.0,4.0,most of the day,4.0,20.0,1.0,male,village
858,858,3.0,1.0,5.0,5.0,2.0,1.0,1.0,5.0,3.0,few hours a day,4.0,20.0,2.0,male,village
859,859,5.0,4.0,5.0,3.0,2.0,5.0,2.0,3.0,3.0,few hours a day,2.0,20.0,1.0,male,city
860,860,5.0,5.0,5.0,3.0,1.0,4.0,3.0,1.0,3.0,few hours a day,2.0,20.0,2.0,male,city
861,861,5.0,2.0,5.0,4.0,2.0,5.0,5.0,2.0,2.0,few hours a day,1.0,18.0,1.0,female,city
862,862,5.0,4.0,5.0,3.0,4.0,5.0,1.0,2.0,4.0,few hours a day,2.0,21.0,2.0,male,city
863,863,5.0,5.0,5.0,3.0,1.0,5.0,2.0,3.0,3.0,few hours a day,3.0,21.0,1.0,male,village
864,864,5.0,3.0,5.0,4.0,3.0,3.0,4.0,4.0,3.0,few hours a day,2.0,20.0,1.0,male,village
865,865,4.0,2.0,5.0,2.0,3.0,3.0,4.0,2.0,2.0,less than an hour a day,4.0,17.0,2.0,female,city
866,866,4.0,1.0,3.0,5.0,2.0,3.0,1.0,3.0,2.0,most of the day,1.0,23.0,1.0,male,city
867,867,5.0,1.0,5.0,4.0,3.0,5.0,5.0,2.0,4.0,few hours a day,4.0,25.0,1.0,female,city
868,868,5.0,2.0,4.0,2.0,2.0,4.0,1.0,2.0,4.0,few hours a day,4.0,18.0,0.0,male,village
869,869,5.0,1.0,5.0,5.0,1.0,5.0,3.0,4.0,2.0,few hours a day,5.0,18.0,1.0,female,city
870,870,5.0,4.0,5.0,2.0,3.0,2.0,4.0,1.0,3.0,few hours a day,4.0,25.0,1.0,female,city
871,871,5.0,3.0,5.0,5.0,5.0,5.0,5.0,5.0,5.0,most of the day,1.0,21.0,1.0,male,village
872,872,5.0,4.0,5.0,2.0,1.0,2.0,2.0,3.0,3.0,few hours a day,3.0,20.0,1.0,male,village
873,873,4.0,4.0,5.0,3.0,2.0,2.0,2.0,2.0,3.0,few hours a day,3.0,21.0,0.0,male,city
874,874,5.0,3.0,5.0,3.0,1.0,4.0,2.0,2.0,4.0,few hours a day,4.0,18.0,1.0,female,city
875,875,5.0,4.0,5.0,1.0,1.0,5.0,1.0,3.0,3.0,few hours a day,1.0,20.0,2.0,female,village
876,876,5.0,3.0,5.0,2.0,5.0,4.0,2.0,4.0,3.0,few hours a day,5.0,19.0,1.0,male,city
877,877,5.0,1.0,5.0,4.0,3.0,2.0,1.0,3.0,5.0,few hours a day,4.0,22.0,2.0,male,city
878,878,4.0,4.0,5.0,2.0,4.0,4.0,2.0,2.0,4.0,less than an hour a day,4.0,26.0,3.0,male,city
879,879,4.0,5.0,5.0,2.0,4.0,5.0,1.0,2.0,3.0,less than an hour a day,2.0,23.0,0.0,male,city
880,880,5.0,4.0,5.0,3.0,1.0,4.0,2.0,2.0,4.0,few hours a day,4.0,18.0,1.0,female,city
881,881,5.0,1.0,5.0,5.0,1.0,5.0,4.0,3.0,2.0,few hours a day,4.0,18.0,1.0,female,city
882,882,5.0,4.0,5.0,3.0,1.0,1.0,1.0,3.0,4.0,few hours a day,2.0,16.0,1.0,female,city
883,883,5.0,3.0,5.0,4.0,1.0,1.0,1.0,4.0,4.0,few hours a day,4.0,19.0,2.0,female,village
884,884,5.0,4.0,5.0,3.0,4.0,5.0,5.0,4.0,3.0,few hours a day,1.0,19.0,1.0,female,city
885,885,3.0,3.0,4.0,3.0,2.0,5.0,1.0,2.0,4.0,few hours a day,2.0,23.0,0.0,female,city
886,886,5.0,2.0,5.0,1.0,4.0,1.0,1.0,2.0,2.0,few hours a day,2.0,21.0,1.0,male,city
887,887,4.0,3.0,2.0,2.0,3.0,3.0,3.0,3.0,3.0,less than an hour a day,4.0,19.0,1.0,male,city
888,888,5.0,2.0,5.0,4.0,1.0,5.0,3.0,2.0,4.0,less than an hour a day,2.0,20.0,1.0,female,city
889,889,5.0,2.0,5.0,5.0,1.0,1.0,4.0,4.0,2.0,few hours a day,1.0,22.0,1.0,female,city
890,890,5.0,4.0,5.0,1.0,4.0,3.0,2.0,3.0,3.0,few hours a day,3.0,20.0,1.0,male,city
891,891,5.0,3.0,5.0,4.0,2.0,4.0,3.0,3.0,3.0,few hours a day,3.0,21.0,2.0,male,village
892,892,5.0,1.0,5.0,3.0,4.0,2.0,3.0,2.0,3.0,few hours a day,3.0,19.0,1.0,male,city
893,893,5.0,3.0,2.0,2.0,3.0,2.0,2.0,3.0,3.0,less than an hour a day,4.0,17.0,0.0,female,village
894,894,5.0,1.0,5.0,2.0,1.0,4.0,3.0,2.0,4.0,few hours a day,4.0,19.0,2.0,female,city
895,895,4.0,3.0,4.0,2.0,1.0,4.0,3.0,3.0,3.0,few hours a day,3.0,16.0,1.0,male,village
896,896,5.0,1.0,5.0,4.0,1.0,3.0,2.0,2.0,3.0,few hours a day,4.0,22.0,1.0,male,village
897,897,5.0,2.0,4.0,2.0,4.0,3.0,2.0,2.0,3.0,few hours a day,2.0,23.0,2.0,male,city
898,898,5.0,1.0,5.0,4.0,1.0,3.0,2.0,2.0,3.0,less than an hour a day,3.0,28.0,2.0,female,village
899,899,5.0,1.0,3.0,4.0,3.0,5.0,1.0,3.0,3.0,few hours a day,2.0,20.0,2.0,male,city
900,900,5.0,1.0,4.0,2.0,2.0,3.0,2.0,3.0,4.0,few hours a day,3.0,21.0,1.0,male,city
901,901,4.0,1.0,5.0,4.0,1.0,5.0,5.0,2.0,4.0,less than an hour a day,4.0,22.0,1.0,female,city
902,902,5.0,2.0,5.0,4.0,3.0,3.0,4.0,2.0,3.0,few hours a day,2.0,,,male,city
903,903,5.0,1.0,3.0,5.0,5.0,3.0,1.0,2.0,4.0,few hours a day,4.0,19.0,1.0,male,city
904,904,3.0,1.0,5.0,3.0,2.0,1.0,1.0,2.0,4.0,few hours a day,3.0,24.0,1.0,female,city
905,905,5.0,3.0,5.0,5.0,1.0,2.0,1.0,1.0,3.0,few hours a day,4.0,23.0,1.0,male,city
906,906,5.0,5.0,5.0,5.0,1.0,1.0,3.0,3.0,4.0,less than an hour a day,2.0,21.0,2.0,female,city
907,907,5.0,1.0,4.0,2.0,2.0,2.0,3.0,3.0,1.0,most of the day,1.0,22.0,1.0,female,city
908,908,5.0,3.0,5.0,2.0,2.0,2.0,3.0,4.0,4.0,few hours a day,3.0,18.0,1.0,male,city
909,909,5.0,2.0,3.0,3.0,2.0,3.0,2.0,5.0,5.0,less than an hour a day,4.0,28.0,2.0,female,city
910,910,5.0,1.0,5.0,5.0,4.0,1.0,1.0,2.0,4.0,few hours a day,4.0,18.0,0.0,female,city
911,911,5.0,1.0,4.0,5.0,5.0,5.0,1.0,4.0,4.0,few hours a day,4.0,23.0,1.0,female,village
912,912,5.0,3.0,4.0,4.0,3.0,4.0,,3.0,4.0,less than an hour a day,4.0,22.0,1.0,female,village
913,913,5.0,3.0,5.0,4.0,3.0,2.0,5.0,4.0,3.0,few hours a day,4.0,21.0,1.0,female,city
914,914,5.0,2.0,5.0,5.0,3.0,3.0,1.0,5.0,2.0,few hours a day,1.0,20.0,1.0,female,city
915,915,4.0,4.0,5.0,1.0,2.0,5.0,4.0,3.0,4.0,few hours a day,5.0,18.0,1.0,female,city
916,916,4.0,1.0,5.0,4.0,1.0,4.0,1.0,4.0,3.0,few hours a day,1.0,21.0,1.0,male,city
917,917,5.0,3.0,5.0,3.0,3.0,3.0,1.0,2.0,2.0,few hours a day,2.0,20.0,1.0,male,village
918,918,4.0,1.0,5.0,5.0,2.0,4.0,1.0,4.0,3.0,most of the day,4.0,21.0,1.0,female,village
919,919,5.0,1.0,5.0,5.0,2.0,1.0,2.0,3.0,4.0,few hours a day,2.0,21.0,1.0,female,city
920,920,4.0,1.0,3.0,3.0,1.0,1.0,3.0,1.0,3.0,few hours a day,3.0,20.0,2.0,female,city
921,921,5.0,3.0,4.0,2.0,3.0,4.0,2.0,2.0,1.0,few hours a day,4.0,17.0,0.0,male,city
922,922,5.0,4.0,5.0,2.0,3.0,5.0,5.0,3.0,3.0,few hours a day,3.0,20.0,1.0,female,city
923,923,5.0,3.0,5.0,3.0,1.0,3.0,4.0,4.0,4.0,few hours a day,2.0,23.0,3.0,female,city
924,924,5.0,1.0,5.0,3.0,1.0,5.0,1.0,1.0,4.0,few hours a day,4.0,19.0,0.0,female,city
925,925,5.0,2.0,5.0,3.0,1.0,5.0,4.0,2.0,5.0,few hours a day,5.0,20.0,0.0,female,city
926,926,5.0,1.0,5.0,2.0,3.0,1.0,1.0,2.0,3.0,few hours a day,4.0,22.0,1.0,male,city
927,927,5.0,3.0,5.0,1.0,1.0,5.0,1.0,3.0,4.0,few hours a day,4.0,19.0,1.0,female,city
928,928,5.0,3.0,5.0,3.0,1.0,5.0,5.0,3.0,2.0,few hours a day,4.0,19.0,0.0,female,city
929,929,3.0,3.0,3.0,4.0,3.0,3.0,2.0,1.0,3.0,few hours a day,3.0,27.0,1.0,female,city
930,930,5.0,3.0,5.0,3.0,1.0,1.0,5.0,5.0,3.0,few hours a day,3.0,18.0,5.0,female,city
931,931,5.0,2.0,5.0,1.0,2.0,3.0,1.0,4.0,4.0,most of the day,4.0,18.0,2.0,male,city
932,932,5.0,4.0,5.0,1.0,3.0,2.0,5.0,2.0,4.0,few hours a day,5.0,20.0,1.0,female,city
933,933,5.0,1.0,5.0,4.0,2.0,5.0,5.0,4.0,3.0,few hours a day,3.0,17.0,3.0,female,city
934,934,5.0,4.0,5.0,2.0,2.0,4.0,4.0,2.0,3.0,few hours a day,2.0,19.0,0.0,,city
935,935,5.0,1.0,5.0,3.0,1.0,5.0,5.0,3.0,3.0,few hours a day,3.0,16.0,1.0,female,city
936,936,4.0,3.0,4.0,2.0,2.0,2.0,5.0,4.0,3.0,few hours a day,2.0,21.0,0.0,female,city
937,937,5.0,2.0,5.0,3.0,5.0,5.0,3.0,5.0,2.0,few hours a day,5.0,18.0,4.0,female,village
938,938,5.0,5.0,5.0,4.0,5.0,5.0,3.0,5.0,5.0,few hours a day,1.0,19.0,0.0,female,city
939,939,4.0,4.0,5.0,2.0,3.0,4.0,5.0,2.0,4.0,few hours a day,3.0,20.0,0.0,female,city
940,940,5.0,5.0,,4.0,3.0,4.0,3.0,2.0,4.0,few hours a day,2.0,16.0,4.0,male,city
941,941,5.0,1.0,5.0,2.0,2.0,2.0,2.0,5.0,1.0,few hours a day,1.0,18.0,3.0,female,village
942,942,5.0,5.0,5.0,4.0,1.0,5.0,1.0,5.0,3.0,most of the day,4.0,24.0,0.0,male,village
943,943,4.0,2.0,5.0,3.0,4.0,5.0,2.0,2.0,3.0,less than an hour a day,2.0,22.0,2.0,female,city
944,944,5.0,2.0,5.0,4.0,2.0,5.0,5.0,2.0,4.0,few hours a day,3.0,19.0,1.0,female,village
945,945,5.0,1.0,3.0,4.0,5.0,5.0,1.0,1.0,3.0,few hours a day,1.0,22.0,1.0,male,city
946,946,5.0,2.0,5.0,3.0,1.0,1.0,4.0,4.0,3.0,few hours a day,1.0,22.0,0.0,male,city
947,947,5.0,1.0,4.0,2.0,1.0,3.0,3.0,4.0,3.0,few hours a day,3.0,16.0,1.0,female,village
948,948,5.0,2.0,5.0,4.0,5.0,5.0,4.0,2.0,4.0,few hours a day,4.0,18.0,1.0,female,village
949,949,5.0,2.0,5.0,1.0,2.0,5.0,1.0,3.0,3.0,most of the day,3.0,18.0,3.0,female,city
950,950,5.0,3.0,5.0,4.0,1.0,5.0,5.0,5.0,3.0,most of the day,5.0,15.0,0.0,male,village
951,951,4.0,5.0,5.0,1.0,3.0,1.0,3.0,4.0,1.0,most of the day,1.0,26.0,3.0,male,city
952,952,5.0,4.0,4.0,3.0,5.0,2.0,2.0,2.0,4.0,few hours a day,5.0,19.0,1.0,male,city
953,953,5.0,1.0,5.0,4.0,3.0,4.0,5.0,3.0,3.0,few hours a day,4.0,20.0,1.0,female,city
954,954,5.0,4.0,4.0,2.0,4.0,4.0,3.0,2.0,4.0,few hours a day,3.0,20.0,0.0,female,city
955,955,5.0,1.0,4.0,5.0,5.0,5.0,2.0,2.0,3.0,few hours a day,3.0,19.0,1.0,female,city
956,956,5.0,1.0,5.0,3.0,2.0,4.0,1.0,4.0,3.0,most of the day,3.0,20.0,2.0,male,city
957,957,5.0,2.0,4.0,3.0,1.0,1.0,3.0,3.0,4.0,few hours a day,3.0,20.0,5.0,male,city
958,958,5.0,4.0,4.0,3.0,1.0,5.0,5.0,3.0,4.0,few hours a day,2.0,22.0,2.0,female,city
959,959,4.0,1.0,4.0,4.0,3.0,4.0,5.0,4.0,4.0,few hours a day,2.0,24.0,1.0,female,city
960,960,5.0,1.0,5.0,5.0,3.0,1.0,3.0,1.0,3.0,few hours a day,3.0,,,female,city
961,961,5.0,4.0,5.0,5.0,5.0,5.0,1.0,3.0,3.0,few hours a day,5.0,20.0,3.0,male,village
962,962,5.0,1.0,3.0,5.0,3.0,1.0,1.0,4.0,4.0,less than an hour a day,5.0,21.0,1.0,female,village
963,963,4.0,4.0,5.0,5.0,1.0,3.0,1.0,1.0,1.0,most of the day,4.0,23.0,0.0,male,city
964,964,5.0,2.0,3.0,3.0,2.0,4.0,3.0,3.0,3.0,few hours a day,4.0,21.0,3.0,male,city
965,965,5.0,4.0,5.0,5.0,1.0,1.0,5.0,5.0,3.0,few hours a day,3.0,17.0,2.0,female,city
966,966,5.0,1.0,5.0,5.0,1.0,5.0,1.0,1.0,1.0,less than an hour a day,1.0,19.0,1.0,female,city
967,967,5.0,2.0,5.0,5.0,5.0,4.0,1.0,2.0,4.0,few hours a day,4.0,18.0,1.0,male,city
968,968,5.0,3.0,5.0,2.0,5.0,4.0,1.0,2.0,3.0,few hours a day,3.0,19.0,2.0,male,city
969,969,5.0,1.0,5.0,3.0,3.0,1.0,2.0,1.0,2.0,few hours a day,2.0,19.0,2.0,male,village
970,970,5.0,1.0,5.0,2.0,4.0,3.0,2.0,5.0,3.0,few hours a day,1.0,22.0,1.0,male,city
971,971,5.0,3.0,4.0,3.0,3.0,3.0,3.0,2.0,4.0,few hours a day,4.0,18.0,1.0,male,city
972,972,5.0,2.0,5.0,3.0,3.0,5.0,5.0,2.0,4.0,less than an hour a day,3.0,19.0,0.0,female,city
973,973,5.0,1.0,4.0,2.0,1.0,4.0,2.0,2.0,3.0,most of the day,4.0,20.0,2.0,female,city
974,974,5.0,2.0,5.0,3.0,5.0,3.0,3.0,1.0,1.0,few hours a day,3.0,21.0,0.0,female,city
975,975,5.0,5.0,5.0,5.0,1.0,5.0,5.0,1.0,2.0,most of the day,3.0,23.0,1.0,female,village
976,976,5.0,2.0,5.0,2.0,4.0,2.0,4.0,2.0,4.0,few hours a day,4.0,19.0,1.0,female,city
977,977,5.0,4.0,5.0,2.0,3.0,3.0,2.0,2.0,2.0,few hours a day,2.0,19.0,1.0,male,village
978,978,5.0,1.0,5.0,5.0,2.0,4.0,4.0,4.0,4.0,few hours a day,2.0,21.0,2.0,female,city
979,979,5.0,2.0,5.0,5.0,3.0,4.0,4.0,2.0,3.0,few hours a day,3.0,19.0,0.0,male,city
980,980,5.0,1.0,5.0,5.0,1.0,3.0,5.0,2.0,4.0,less than an hour a day,1.0,18.0,2.0,female,city
981,981,5.0,1.0,5.0,5.0,1.0,1.0,5.0,4.0,2.0,most of the day,5.0,19.0,1.0,female,village
982,982,5.0,1.0,4.0,1.0,3.0,4.0,1.0,3.0,4.0,few hours a day,2.0,18.0,2.0,male,city
983,983,5.0,2.0,5.0,2.0,1.0,4.0,5.0,2.0,3.0,few hours a day,2.0,22.0,2.0,female,village
984,984,5.0,1.0,4.0,1.0,1.0,4.0,5.0,3.0,1.0,most of the day,4.0,21.0,1.0,female,city
985,985,5.0,1.0,5.0,4.0,1.0,2.0,4.0,3.0,1.0,few hours a day,5.0,20.0,1.0,female,city
986,986,4.0,4.0,4.0,5.0,5.0,1.0,1.0,3.0,3.0,few hours a day,1.0,19.0,3.0,female,city
987,987,4.0,1.0,4.0,5.0,2.0,2.0,2.0,4.0,2.0,few hours a day,3.0,20.0,1.0,male,city
988,988,5.0,,5.0,5.0,4.0,1.0,1.0,5.0,3.0,few hours a day,1.0,19.0,0.0,male,city
989,989,5.0,5.0,3.0,5.0,1.0,1.0,1.0,5.0,3.0,most of the day,3.0,30.0,2.0,female,village
990,990,5.0,1.0,5.0,3.0,1.0,1.0,1.0,2.0,2.0,few hours a day,1.0,29.0,1.0,male,city
991,991,5.0,2.0,5.0,4.0,1.0,5.0,3.0,2.0,1.0,most of the day,3.0,21.0,0.0,male,city
992,992,4.0,5.0,4.0,5.0,5.0,1.0,5.0,3.0,3.0,most of the day,1.0,30.0,1.0,male,city
993,993,5.0,2.0,5.0,1.0,1.0,2.0,3.0,4.0,3.0,few hours a day,4.0,21.0,0.0,female,city
994,994,5.0,1.0,5.0,5.0,1.0,5.0,4.0,3.0,4.0,few hours a day,3.0,20.0,0.0,female,city
995,995,5.0,5.0,5.0,3.0,4.0,5.0,1.0,4.0,4.0,few hours a day,4.0,18.0,0.0,female,city
996,996,5.0,1.0,3.0,4.0,1.0,2.0,2.0,2.0,4.0,few hours a day,3.0,20.0,0.0,male,
997,997,5.0,1.0,4.0,1.0,2.0,5.0,4.0,2.0,,less than an hour a day,3.0,19.0,1.0,female,
998,998,5.0,5.0,5.0,3.0,5.0,1.0,1.0,2.0,3.0,few hours a day,4.0,28.0,1.0,male,city
999,999,5.0,5.0,4.0,4.0,5.0,1.0,2.0,3.0,3.0,few hours a day,3.0,19.0,1.0,male,city
1000,1000,5.0,3.0,5.0,3.0,1.0,5.0,1.0,3.0,2.0,few hours a day,1.0,16.0,1.0,female,city
1001,1001,5.0,3.0,3.0,3.0,1.0,4.0,1.0,2.0,2.0,few hours a day,2.0,18.0,2.0,female,city
1002,1002,5.0,3.0,3.0,2.0,1.0,2.0,1.0,3.0,2.0,few hours a day,4.0,22.0,1.0,male,city
1003,1003,4.0,4.0,5.0,3.0,1.0,5.0,4.0,3.0,4.0,few hours a day,3.0,20.0,1.0,female,city
1004,1004,5.0,5.0,5.0,3.0,2.0,4.0,3.0,3.0,2.0,few hours a day,4.0,22.0,1.0,male,city
1005,1005,5.0,3.0,5.0,4.0,1.0,4.0,2.0,4.0,4.0,few hours a day,3.0,20.0,1.0,female,city
1006,1006,4.0,4.0,5.0,4.0,5.0,5.0,1.0,1.0,4.0,less than an hour a day,3.0,27.0,5.0,male,village
1007,1007,4.0,1.0,4.0,2.0,3.0,5.0,2.0,4.0,4.0,most of the day,1.0,18.0,0.0,female,city
1008,1008,5.0,2.0,5.0,3.0,1.0,4.0,3.0,3.0,3.0,most of the day,3.0,25.0,1.0,female,city
1009,1009,5.0,3.0,5.0,2.0,2.0,5.0,1.0,3.0,3.0,few hours a day,5.0,21.0,1.0,male,village
